"M","N","numSubgroups","lambda","univ","replicateID","percentError"
40,20,1,0,0,1,0
40,20,1,0,0,2,0
40,20,1,0,0,3,0
40,20,1,0,0,4,0
40,20,1,0,0,5,0
40,20,1,0,0,6,0
40,20,1,0,0,7,0
40,20,1,0,0,8,0
40,20,1,0,0,9,0
40,20,1,0,0,10,0
40,20,1,0,0,11,0
40,20,1,0,0,12,0
40,20,1,0,0,13,0
40,20,1,0,0,14,0
40,20,1,0,0,15,0
40,20,1,0,0,16,0
40,20,1,0,0,17,0
40,20,1,0,0,18,0
40,20,1,0,0,19,0
40,20,1,0,0,20,0
40,20,1,0,0,21,0
40,20,1,0,0,22,0
40,20,1,0,0,23,0
40,20,1,0,0,24,0
40,20,1,0,0,25,0
40,20,1,0,0,26,0
40,20,1,0,0,27,0
40,20,1,0,0,28,0
40,20,1,0,0,29,0
40,20,1,0,0,30,0
40,20,1,0,0,31,0
40,20,1,0,0,32,0
40,20,1,0,0,33,0
40,20,1,0,0,34,0
40,20,1,0,0,35,0
40,20,1,0,0,36,0
40,20,1,0,0,37,0
40,20,1,0,0,38,0
40,20,1,0,0,39,0
40,20,1,0,0,40,0
40,20,1,0,0,41,0
40,20,1,0,0,42,0
40,20,1,0,0,43,0
40,20,1,0,0,44,0
40,20,1,0,0,45,0
40,20,1,0,0,46,0
40,20,1,0,0,47,0
40,20,1,0,0,48,0
40,20,1,0,0,49,0
40,20,1,0,0,50,0
100,20,1,0,0,1,0
100,20,1,0,0,2,0
100,20,1,0,0,3,0
100,20,1,0,0,4,0
100,20,1,0,0,5,0
100,20,1,0,0,6,0
100,20,1,0,0,7,0
100,20,1,0,0,8,0
100,20,1,0,0,9,0
100,20,1,0,0,10,0
100,20,1,0,0,11,0
100,20,1,0,0,12,0
100,20,1,0,0,13,0
100,20,1,0,0,14,0
100,20,1,0,0,15,0
100,20,1,0,0,16,0
100,20,1,0,0,17,0
100,20,1,0,0,18,0
100,20,1,0,0,19,0
100,20,1,0,0,20,0
100,20,1,0,0,21,0
100,20,1,0,0,22,0
100,20,1,0,0,23,0
100,20,1,0,0,24,0
100,20,1,0,0,25,0
100,20,1,0,0,26,0
100,20,1,0,0,27,0
100,20,1,0,0,28,0
100,20,1,0,0,29,0
100,20,1,0,0,30,0
100,20,1,0,0,31,0
100,20,1,0,0,32,0
100,20,1,0,0,33,0
100,20,1,0,0,34,0
100,20,1,0,0,35,0
100,20,1,0,0,36,0
100,20,1,0,0,37,0
100,20,1,0,0,38,0
100,20,1,0,0,39,0
100,20,1,0,0,40,0
100,20,1,0,0,41,0
100,20,1,0,0,42,0
100,20,1,0,0,43,0
100,20,1,0,0,44,0
100,20,1,0,0,45,0
100,20,1,0,0,46,0
100,20,1,0,0,47,0
100,20,1,0,0,48,0
100,20,1,0,0,49,0
100,20,1,0,0,50,0
40,40,1,0,0,1,0
40,40,1,0,0,2,0
40,40,1,0,0,3,0
40,40,1,0,0,4,0
40,40,1,0,0,5,0
40,40,1,0,0,6,0
40,40,1,0,0,7,0
40,40,1,0,0,8,0
40,40,1,0,0,9,0
40,40,1,0,0,10,0
40,40,1,0,0,11,0
40,40,1,0,0,12,0
40,40,1,0,0,13,0
40,40,1,0,0,14,0
40,40,1,0,0,15,0
40,40,1,0,0,16,0
40,40,1,0,0,17,0
40,40,1,0,0,18,0
40,40,1,0,0,19,0
40,40,1,0,0,20,0
40,40,1,0,0,21,0
40,40,1,0,0,22,0
40,40,1,0,0,23,0
40,40,1,0,0,24,0
40,40,1,0,0,25,0
40,40,1,0,0,26,0
40,40,1,0,0,27,0
40,40,1,0,0,28,0
40,40,1,0,0,29,0
40,40,1,0,0,30,0
40,40,1,0,0,31,0
40,40,1,0,0,32,0
40,40,1,0,0,33,0
40,40,1,0,0,34,0
40,40,1,0,0,35,0
40,40,1,0,0,36,0
40,40,1,0,0,37,0
40,40,1,0,0,38,0
40,40,1,0,0,39,0
40,40,1,0,0,40,0
40,40,1,0,0,41,0
40,40,1,0,0,42,0
40,40,1,0,0,43,0
40,40,1,0,0,44,0
40,40,1,0,0,45,0
40,40,1,0,0,46,0
40,40,1,0,0,47,0
40,40,1,0,0,48,0
40,40,1,0,0,49,0
40,40,1,0,0,50,0
100,40,1,0,0,1,0
100,40,1,0,0,2,0
100,40,1,0,0,3,0
100,40,1,0,0,4,0
100,40,1,0,0,5,0
100,40,1,0,0,6,0
100,40,1,0,0,7,0
100,40,1,0,0,8,0
100,40,1,0,0,9,0
100,40,1,0,0,10,0
100,40,1,0,0,11,0
100,40,1,0,0,12,0
100,40,1,0,0,13,0
100,40,1,0,0,14,0
100,40,1,0,0,15,0
100,40,1,0,0,16,0
100,40,1,0,0,17,0
100,40,1,0,0,18,0
100,40,1,0,0,19,0
100,40,1,0,0,20,0
100,40,1,0,0,21,0
100,40,1,0,0,22,0
100,40,1,0,0,23,0
100,40,1,0,0,24,0
100,40,1,0,0,25,0
100,40,1,0,0,26,0
100,40,1,0,0,27,0
100,40,1,0,0,28,0
100,40,1,0,0,29,0
100,40,1,0,0,30,0
100,40,1,0,0,31,0
100,40,1,0,0,32,0
100,40,1,0,0,33,0
100,40,1,0,0,34,0
100,40,1,0,0,35,0
100,40,1,0,0,36,0
100,40,1,0,0,37,0
100,40,1,0,0,38,0
100,40,1,0,0,39,0
100,40,1,0,0,40,0
100,40,1,0,0,41,0
100,40,1,0,0,42,0
100,40,1,0,0,43,0
100,40,1,0,0,44,0
100,40,1,0,0,45,0
100,40,1,0,0,46,0
100,40,1,0,0,47,0
100,40,1,0,0,48,0
100,40,1,0,0,49,0
100,40,1,0,0,50,0
40,20,2,0,0,1,17.5
40,20,2,0,0,2,10
40,20,2,0,0,3,17.5
40,20,2,0,0,4,7.5
40,20,2,0,0,5,12.5
40,20,2,0,0,6,17.5
40,20,2,0,0,7,10
40,20,2,0,0,8,12.5
40,20,2,0,0,9,20
40,20,2,0,0,10,5
40,20,2,0,0,11,17.5
40,20,2,0,0,12,15
40,20,2,0,0,13,32.5
40,20,2,0,0,14,15
40,20,2,0,0,15,15
40,20,2,0,0,16,17.5
40,20,2,0,0,17,47.5
40,20,2,0,0,18,5
40,20,2,0,0,19,45
40,20,2,0,0,20,25
40,20,2,0,0,21,17.5
40,20,2,0,0,22,5
40,20,2,0,0,23,10
40,20,2,0,0,24,12.5
40,20,2,0,0,25,25
40,20,2,0,0,26,15
40,20,2,0,0,27,15
40,20,2,0,0,28,22.5
40,20,2,0,0,29,10
40,20,2,0,0,30,30
40,20,2,0,0,31,2.5
40,20,2,0,0,32,17.5
40,20,2,0,0,33,30
40,20,2,0,0,34,15
40,20,2,0,0,35,2.5
40,20,2,0,0,36,30
40,20,2,0,0,37,10
40,20,2,0,0,38,25
40,20,2,0,0,39,20
40,20,2,0,0,40,30
40,20,2,0,0,41,12.5
40,20,2,0,0,42,32.5
40,20,2,0,0,43,50
40,20,2,0,0,44,22.5
40,20,2,0,0,45,7.5
40,20,2,0,0,46,17.5
40,20,2,0,0,47,5
40,20,2,0,0,48,7.5
40,20,2,0,0,49,17.5
40,20,2,0,0,50,7.5
100,20,2,0,0,1,11
100,20,2,0,0,2,7
100,20,2,0,0,3,12
100,20,2,0,0,4,25
100,20,2,0,0,5,8
100,20,2,0,0,6,8
100,20,2,0,0,7,10
100,20,2,0,0,8,14
100,20,2,0,0,9,21
100,20,2,0,0,10,6
100,20,2,0,0,11,10
100,20,2,0,0,12,17
100,20,2,0,0,13,26
100,20,2,0,0,14,22
100,20,2,0,0,15,7
100,20,2,0,0,16,8
100,20,2,0,0,17,7
100,20,2,0,0,18,17
100,20,2,0,0,19,9
100,20,2,0,0,20,11
100,20,2,0,0,21,6
100,20,2,0,0,22,10
100,20,2,0,0,23,13
100,20,2,0,0,24,21
100,20,2,0,0,25,9
100,20,2,0,0,26,17
100,20,2,0,0,27,12
100,20,2,0,0,28,8
100,20,2,0,0,29,17
100,20,2,0,0,30,26
100,20,2,0,0,31,12
100,20,2,0,0,32,11
100,20,2,0,0,33,11
100,20,2,0,0,34,25
100,20,2,0,0,35,25
100,20,2,0,0,36,43
100,20,2,0,0,37,8
100,20,2,0,0,38,23
100,20,2,0,0,39,5
100,20,2,0,0,40,7
100,20,2,0,0,41,12
100,20,2,0,0,42,8
100,20,2,0,0,43,20
100,20,2,0,0,44,5
100,20,2,0,0,45,10
100,20,2,0,0,46,13
100,20,2,0,0,47,10
100,20,2,0,0,48,18
100,20,2,0,0,49,11
100,20,2,0,0,50,3
40,40,2,0,0,1,7.5
40,40,2,0,0,2,12.5
40,40,2,0,0,3,10
40,40,2,0,0,4,20
40,40,2,0,0,5,5
40,40,2,0,0,6,7.5
40,40,2,0,0,7,5
40,40,2,0,0,8,17.5
40,40,2,0,0,9,15
40,40,2,0,0,10,5
40,40,2,0,0,11,17.5
40,40,2,0,0,12,15
40,40,2,0,0,13,20
40,40,2,0,0,14,20
40,40,2,0,0,15,10
40,40,2,0,0,16,7.5
40,40,2,0,0,17,10
40,40,2,0,0,18,15
40,40,2,0,0,19,12.5
40,40,2,0,0,20,7.5
40,40,2,0,0,21,17.5
40,40,2,0,0,22,15
40,40,2,0,0,23,17.5
40,40,2,0,0,24,10
40,40,2,0,0,25,7.5
40,40,2,0,0,26,17.5
40,40,2,0,0,27,0
40,40,2,0,0,28,2.5
40,40,2,0,0,29,12.5
40,40,2,0,0,30,10
40,40,2,0,0,31,17.5
40,40,2,0,0,32,0
40,40,2,0,0,33,35
40,40,2,0,0,34,12.5
40,40,2,0,0,35,2.5
40,40,2,0,0,36,5
40,40,2,0,0,37,7.5
40,40,2,0,0,38,25
40,40,2,0,0,39,40
40,40,2,0,0,40,5
40,40,2,0,0,41,15
40,40,2,0,0,42,12.5
40,40,2,0,0,43,27.5
40,40,2,0,0,44,32.5
40,40,2,0,0,45,7.5
40,40,2,0,0,46,15
40,40,2,0,0,47,17.5
40,40,2,0,0,48,10
40,40,2,0,0,49,7.5
40,40,2,0,0,50,0
100,40,2,0,0,1,9
100,40,2,0,0,2,8
100,40,2,0,0,3,15
100,40,2,0,0,4,16
100,40,2,0,0,5,8
100,40,2,0,0,6,10
100,40,2,0,0,7,9
100,40,2,0,0,8,6
100,40,2,0,0,9,4
100,40,2,0,0,10,3
100,40,2,0,0,11,19
100,40,2,0,0,12,4
100,40,2,0,0,13,8
100,40,2,0,0,14,14
100,40,2,0,0,15,8
100,40,2,0,0,16,5
100,40,2,0,0,17,8
100,40,2,0,0,18,7
100,40,2,0,0,19,14
100,40,2,0,0,20,7
100,40,2,0,0,21,7
100,40,2,0,0,22,4
100,40,2,0,0,23,13
100,40,2,0,0,24,19
100,40,2,0,0,25,8
100,40,2,0,0,26,8
100,40,2,0,0,27,11
100,40,2,0,0,28,9
100,40,2,0,0,29,14
100,40,2,0,0,30,3
100,40,2,0,0,31,4
100,40,2,0,0,32,10
100,40,2,0,0,33,9
100,40,2,0,0,34,8
100,40,2,0,0,35,6
100,40,2,0,0,36,9
100,40,2,0,0,37,3
100,40,2,0,0,38,11
100,40,2,0,0,39,12
100,40,2,0,0,40,5
100,40,2,0,0,41,6
100,40,2,0,0,42,9
100,40,2,0,0,43,7
100,40,2,0,0,44,7
100,40,2,0,0,45,8
100,40,2,0,0,46,4
100,40,2,0,0,47,11
100,40,2,0,0,48,2
100,40,2,0,0,49,4
100,40,2,0,0,50,6
40,20,3,0,0,1,15
40,20,3,0,0,2,37.5
40,20,3,0,0,3,30
40,20,3,0,0,4,17.5
40,20,3,0,0,5,17.5
40,20,3,0,0,6,12.5
40,20,3,0,0,7,27.5
40,20,3,0,0,8,35
40,20,3,0,0,9,47.5
40,20,3,0,0,10,32.5
40,20,3,0,0,11,25
40,20,3,0,0,12,57.5
40,20,3,0,0,13,35
40,20,3,0,0,14,20
40,20,3,0,0,15,40
40,20,3,0,0,16,40
40,20,3,0,0,17,22.5
40,20,3,0,0,18,27.5
40,20,3,0,0,19,35
40,20,3,0,0,20,25
40,20,3,0,0,21,37.5
40,20,3,0,0,22,35
40,20,3,0,0,23,15
40,20,3,0,0,24,37.5
40,20,3,0,0,25,55
40,20,3,0,0,26,25
40,20,3,0,0,27,22.5
40,20,3,0,0,28,10
40,20,3,0,0,29,17.5
40,20,3,0,0,30,22.5
40,20,3,0,0,31,32.5
40,20,3,0,0,32,15
40,20,3,0,0,33,20
40,20,3,0,0,34,20
40,20,3,0,0,35,32.5
40,20,3,0,0,36,47.5
40,20,3,0,0,37,40
40,20,3,0,0,38,42.5
40,20,3,0,0,39,32.5
40,20,3,0,0,40,40
40,20,3,0,0,41,30
40,20,3,0,0,42,22.5
40,20,3,0,0,43,32.5
40,20,3,0,0,44,35
40,20,3,0,0,45,35
40,20,3,0,0,46,27.5
40,20,3,0,0,47,35
40,20,3,0,0,48,25
40,20,3,0,0,49,25
40,20,3,0,0,50,27.5
100,20,3,0,0,1,20
100,20,3,0,0,2,21
100,20,3,0,0,3,23
100,20,3,0,0,4,14
100,20,3,0,0,5,37
100,20,3,0,0,6,24
100,20,3,0,0,7,27
100,20,3,0,0,8,13
100,20,3,0,0,9,35
100,20,3,0,0,10,32
100,20,3,0,0,11,30
100,20,3,0,0,12,17
100,20,3,0,0,13,8
100,20,3,0,0,14,36
100,20,3,0,0,15,25
100,20,3,0,0,16,19
100,20,3,0,0,17,17
100,20,3,0,0,18,16
100,20,3,0,0,19,21
100,20,3,0,0,20,42
100,20,3,0,0,21,40
100,20,3,0,0,22,21
100,20,3,0,0,23,22
100,20,3,0,0,24,32
100,20,3,0,0,25,34
100,20,3,0,0,26,19
100,20,3,0,0,27,21
100,20,3,0,0,28,21
100,20,3,0,0,29,24
100,20,3,0,0,30,36
100,20,3,0,0,31,13
100,20,3,0,0,32,33
100,20,3,0,0,33,11
100,20,3,0,0,34,15
100,20,3,0,0,35,44
100,20,3,0,0,36,32
100,20,3,0,0,37,23
100,20,3,0,0,38,31
100,20,3,0,0,39,13
100,20,3,0,0,40,17
100,20,3,0,0,41,22
100,20,3,0,0,42,37
100,20,3,0,0,43,29
100,20,3,0,0,44,18
100,20,3,0,0,45,19
100,20,3,0,0,46,17
100,20,3,0,0,47,23
100,20,3,0,0,48,17
100,20,3,0,0,49,37
100,20,3,0,0,50,47
40,40,3,0,0,1,25
40,40,3,0,0,2,50
40,40,3,0,0,3,17.5
40,40,3,0,0,4,12.5
40,40,3,0,0,5,27.5
40,40,3,0,0,6,25
40,40,3,0,0,7,20
40,40,3,0,0,8,35
40,40,3,0,0,9,20
40,40,3,0,0,10,10
40,40,3,0,0,11,22.5
40,40,3,0,0,12,22.5
40,40,3,0,0,13,40
40,40,3,0,0,14,27.5
40,40,3,0,0,15,37.5
40,40,3,0,0,16,27.5
40,40,3,0,0,17,40
40,40,3,0,0,18,17.5
40,40,3,0,0,19,12.5
40,40,3,0,0,20,30
40,40,3,0,0,21,7.5
40,40,3,0,0,22,20
40,40,3,0,0,23,45
40,40,3,0,0,24,27.5
40,40,3,0,0,25,47.5
40,40,3,0,0,26,37.5
40,40,3,0,0,27,32.5
40,40,3,0,0,28,45
40,40,3,0,0,29,22.5
40,40,3,0,0,30,17.5
40,40,3,0,0,31,47.5
40,40,3,0,0,32,15
40,40,3,0,0,33,35
40,40,3,0,0,34,10
40,40,3,0,0,35,37.5
40,40,3,0,0,36,20
40,40,3,0,0,37,30
40,40,3,0,0,38,30
40,40,3,0,0,39,27.5
40,40,3,0,0,40,50
40,40,3,0,0,41,15
40,40,3,0,0,42,17.5
40,40,3,0,0,43,12.5
40,40,3,0,0,44,20
40,40,3,0,0,45,37.5
40,40,3,0,0,46,12.5
40,40,3,0,0,47,22.5
40,40,3,0,0,48,5
40,40,3,0,0,49,27.5
40,40,3,0,0,50,30
100,40,3,0,0,1,18
100,40,3,0,0,2,7
100,40,3,0,0,3,13
100,40,3,0,0,4,50
100,40,3,0,0,5,39
100,40,3,0,0,6,28
100,40,3,0,0,7,17
100,40,3,0,0,8,14
100,40,3,0,0,9,18
100,40,3,0,0,10,19
100,40,3,0,0,11,41
100,40,3,0,0,12,39
100,40,3,0,0,13,16
100,40,3,0,0,14,16
100,40,3,0,0,15,16
100,40,3,0,0,16,21
100,40,3,0,0,17,17
100,40,3,0,0,18,16
100,40,3,0,0,19,16
100,40,3,0,0,20,22
100,40,3,0,0,21,14
100,40,3,0,0,22,24
100,40,3,0,0,23,23
100,40,3,0,0,24,19
100,40,3,0,0,25,34
100,40,3,0,0,26,32
100,40,3,0,0,27,18
100,40,3,0,0,28,13
100,40,3,0,0,29,22
100,40,3,0,0,30,19
100,40,3,0,0,31,44
100,40,3,0,0,32,13
100,40,3,0,0,33,19
100,40,3,0,0,34,12
100,40,3,0,0,35,15
100,40,3,0,0,36,36
100,40,3,0,0,37,14
100,40,3,0,0,38,27
100,40,3,0,0,39,11
100,40,3,0,0,40,20
100,40,3,0,0,41,29
100,40,3,0,0,42,12
100,40,3,0,0,43,24
100,40,3,0,0,44,9
100,40,3,0,0,45,8
100,40,3,0,0,46,10
100,40,3,0,0,47,18
100,40,3,0,0,48,44
100,40,3,0,0,49,27
100,40,3,0,0,50,10
40,20,4,0,0,1,42.5
40,20,4,0,0,2,42.5
40,20,4,0,0,3,32.5
40,20,4,0,0,4,47.5
40,20,4,0,0,5,25
40,20,4,0,0,6,37.5
40,20,4,0,0,7,42.5
40,20,4,0,0,8,42.5
40,20,4,0,0,9,27.5
40,20,4,0,0,10,40
40,20,4,0,0,11,55
40,20,4,0,0,12,20
40,20,4,0,0,13,42.5
40,20,4,0,0,14,50
40,20,4,0,0,15,37.5
40,20,4,0,0,16,45
40,20,4,0,0,17,42.5
40,20,4,0,0,18,22.5
40,20,4,0,0,19,45
40,20,4,0,0,20,30
40,20,4,0,0,21,47.5
40,20,4,0,0,22,47.5
40,20,4,0,0,23,57.5
40,20,4,0,0,24,50
40,20,4,0,0,25,42.5
40,20,4,0,0,26,50
40,20,4,0,0,27,57.5
40,20,4,0,0,28,57.5
40,20,4,0,0,29,50
40,20,4,0,0,30,32.5
40,20,4,0,0,31,50
40,20,4,0,0,32,40
40,20,4,0,0,33,37.5
40,20,4,0,0,34,55
40,20,4,0,0,35,45
40,20,4,0,0,36,57.5
40,20,4,0,0,37,42.5
40,20,4,0,0,38,47.5
40,20,4,0,0,39,40
40,20,4,0,0,40,45
40,20,4,0,0,41,50
40,20,4,0,0,42,37.5
40,20,4,0,0,43,37.5
40,20,4,0,0,44,37.5
40,20,4,0,0,45,37.5
40,20,4,0,0,46,30
40,20,4,0,0,47,45
40,20,4,0,0,48,47.5
40,20,4,0,0,49,40
40,20,4,0,0,50,45
100,20,4,0,0,1,29
100,20,4,0,0,2,23
100,20,4,0,0,3,48
100,20,4,0,0,4,32
100,20,4,0,0,5,50
100,20,4,0,0,6,25
100,20,4,0,0,7,14
100,20,4,0,0,8,35
100,20,4,0,0,9,45
100,20,4,0,0,10,39
100,20,4,0,0,11,35
100,20,4,0,0,12,23
100,20,4,0,0,13,25
100,20,4,0,0,14,39
100,20,4,0,0,15,43
100,20,4,0,0,16,32
100,20,4,0,0,17,24
100,20,4,0,0,18,36
100,20,4,0,0,19,46
100,20,4,0,0,20,48
100,20,4,0,0,21,44
100,20,4,0,0,22,38
100,20,4,0,0,23,18
100,20,4,0,0,24,25
100,20,4,0,0,25,52
100,20,4,0,0,26,25
100,20,4,0,0,27,35
100,20,4,0,0,28,33
100,20,4,0,0,29,28
100,20,4,0,0,30,26
100,20,4,0,0,31,44
100,20,4,0,0,32,31
100,20,4,0,0,33,32
100,20,4,0,0,34,47
100,20,4,0,0,35,46
100,20,4,0,0,36,44
100,20,4,0,0,37,40
100,20,4,0,0,38,23
100,20,4,0,0,39,42
100,20,4,0,0,40,54
100,20,4,0,0,41,28
100,20,4,0,0,42,45
100,20,4,0,0,43,52
100,20,4,0,0,44,48
100,20,4,0,0,45,36
100,20,4,0,0,46,39
100,20,4,0,0,47,43
100,20,4,0,0,48,40
100,20,4,0,0,49,46
100,20,4,0,0,50,25
40,40,4,0,0,1,40
40,40,4,0,0,2,50
40,40,4,0,0,3,55
40,40,4,0,0,4,32.5
40,40,4,0,0,5,55
40,40,4,0,0,6,40
40,40,4,0,0,7,47.5
40,40,4,0,0,8,37.5
40,40,4,0,0,9,45
40,40,4,0,0,10,47.5
40,40,4,0,0,11,35
40,40,4,0,0,12,40
40,40,4,0,0,13,40
40,40,4,0,0,14,37.5
40,40,4,0,0,15,30
40,40,4,0,0,16,27.5
40,40,4,0,0,17,32.5
40,40,4,0,0,18,45
40,40,4,0,0,19,37.5
40,40,4,0,0,20,42.5
40,40,4,0,0,21,27.5
40,40,4,0,0,22,30
40,40,4,0,0,23,35
40,40,4,0,0,24,27.5
40,40,4,0,0,25,55
40,40,4,0,0,26,50
40,40,4,0,0,27,22.5
40,40,4,0,0,28,52.5
40,40,4,0,0,29,45
40,40,4,0,0,30,42.5
40,40,4,0,0,31,30
40,40,4,0,0,32,37.5
40,40,4,0,0,33,47.5
40,40,4,0,0,34,57.5
40,40,4,0,0,35,45
40,40,4,0,0,36,50
40,40,4,0,0,37,27.5
40,40,4,0,0,38,42.5
40,40,4,0,0,39,30
40,40,4,0,0,40,22.5
40,40,4,0,0,41,47.5
40,40,4,0,0,42,55
40,40,4,0,0,43,40
40,40,4,0,0,44,42.5
40,40,4,0,0,45,45
40,40,4,0,0,46,52.5
40,40,4,0,0,47,20
40,40,4,0,0,48,55
40,40,4,0,0,49,45
40,40,4,0,0,50,25
100,40,4,0,0,1,12
100,40,4,0,0,2,41
100,40,4,0,0,3,28
100,40,4,0,0,4,33
100,40,4,0,0,5,15
100,40,4,0,0,6,21
100,40,4,0,0,7,49
100,40,4,0,0,8,28
100,40,4,0,0,9,33
100,40,4,0,0,10,29
100,40,4,0,0,11,37
100,40,4,0,0,12,17
100,40,4,0,0,13,8
100,40,4,0,0,14,41
100,40,4,0,0,15,23
100,40,4,0,0,16,36
100,40,4,0,0,17,39
100,40,4,0,0,18,23
100,40,4,0,0,19,17
100,40,4,0,0,20,34
100,40,4,0,0,21,41
100,40,4,0,0,22,20
100,40,4,0,0,23,41
100,40,4,0,0,24,31
100,40,4,0,0,25,24
100,40,4,0,0,26,21
100,40,4,0,0,27,40
100,40,4,0,0,28,54
100,40,4,0,0,29,26
100,40,4,0,0,30,19
100,40,4,0,0,31,46
100,40,4,0,0,32,18
100,40,4,0,0,33,20
100,40,4,0,0,34,24
100,40,4,0,0,35,23
100,40,4,0,0,36,19
100,40,4,0,0,37,21
100,40,4,0,0,38,45
100,40,4,0,0,39,32
100,40,4,0,0,40,15
100,40,4,0,0,41,34
100,40,4,0,0,42,19
100,40,4,0,0,43,34
100,40,4,0,0,44,26
100,40,4,0,0,45,36
100,40,4,0,0,46,38
100,40,4,0,0,47,17
100,40,4,0,0,48,28
100,40,4,0,0,49,19
100,40,4,0,0,50,18
40,20,5,0,0,1,45
40,20,5,0,0,2,42.5
40,20,5,0,0,3,37.5
40,20,5,0,0,4,45
40,20,5,0,0,5,55
40,20,5,0,0,6,52.5
40,20,5,0,0,7,57.5
40,20,5,0,0,8,50
40,20,5,0,0,9,65
40,20,5,0,0,10,45
40,20,5,0,0,11,50
40,20,5,0,0,12,50
40,20,5,0,0,13,40
40,20,5,0,0,14,37.5
40,20,5,0,0,15,32.5
40,20,5,0,0,16,47.5
40,20,5,0,0,17,42.5
40,20,5,0,0,18,50
40,20,5,0,0,19,40
40,20,5,0,0,20,40
40,20,5,0,0,21,37.5
40,20,5,0,0,22,52.5
40,20,5,0,0,23,30
40,20,5,0,0,24,40
40,20,5,0,0,25,57.5
40,20,5,0,0,26,35
40,20,5,0,0,27,37.5
40,20,5,0,0,28,57.5
40,20,5,0,0,29,35
40,20,5,0,0,30,45
40,20,5,0,0,31,50
40,20,5,0,0,32,45
40,20,5,0,0,33,30
40,20,5,0,0,34,52.5
40,20,5,0,0,35,45
40,20,5,0,0,36,57.5
40,20,5,0,0,37,60
40,20,5,0,0,38,47.5
40,20,5,0,0,39,37.5
40,20,5,0,0,40,52.5
40,20,5,0,0,41,40
40,20,5,0,0,42,42.5
40,20,5,0,0,43,42.5
40,20,5,0,0,44,30
40,20,5,0,0,45,45
40,20,5,0,0,46,52.5
40,20,5,0,0,47,52.5
40,20,5,0,0,48,50
40,20,5,0,0,49,37.5
40,20,5,0,0,50,45
100,20,5,0,0,1,49
100,20,5,0,0,2,55
100,20,5,0,0,3,43
100,20,5,0,0,4,52
100,20,5,0,0,5,26
100,20,5,0,0,6,36
100,20,5,0,0,7,53
100,20,5,0,0,8,42
100,20,5,0,0,9,39
100,20,5,0,0,10,38
100,20,5,0,0,11,44
100,20,5,0,0,12,53
100,20,5,0,0,13,55
100,20,5,0,0,14,41
100,20,5,0,0,15,39
100,20,5,0,0,16,44
100,20,5,0,0,17,35
100,20,5,0,0,18,56
100,20,5,0,0,19,45
100,20,5,0,0,20,38
100,20,5,0,0,21,44
100,20,5,0,0,22,53
100,20,5,0,0,23,50
100,20,5,0,0,24,45
100,20,5,0,0,25,55
100,20,5,0,0,26,40
100,20,5,0,0,27,43
100,20,5,0,0,28,42
100,20,5,0,0,29,45
100,20,5,0,0,30,41
100,20,5,0,0,31,49
100,20,5,0,0,32,45
100,20,5,0,0,33,52
100,20,5,0,0,34,45
100,20,5,0,0,35,25
100,20,5,0,0,36,48
100,20,5,0,0,37,50
100,20,5,0,0,38,52
100,20,5,0,0,39,55
100,20,5,0,0,40,36
100,20,5,0,0,41,50
100,20,5,0,0,42,50
100,20,5,0,0,43,50
100,20,5,0,0,44,49
100,20,5,0,0,45,48
100,20,5,0,0,46,58
100,20,5,0,0,47,47
100,20,5,0,0,48,36
100,20,5,0,0,49,49
100,20,5,0,0,50,41
40,40,5,0,0,1,42.5
40,40,5,0,0,2,50
40,40,5,0,0,3,52.5
40,40,5,0,0,4,40
40,40,5,0,0,5,57.5
40,40,5,0,0,6,37.5
40,40,5,0,0,7,50
40,40,5,0,0,8,52.5
40,40,5,0,0,9,47.5
40,40,5,0,0,10,42.5
40,40,5,0,0,11,52.5
40,40,5,0,0,12,30
40,40,5,0,0,13,47.5
40,40,5,0,0,14,50
40,40,5,0,0,15,50
40,40,5,0,0,16,25
40,40,5,0,0,17,50
40,40,5,0,0,18,52.5
40,40,5,0,0,19,35
40,40,5,0,0,20,27.5
40,40,5,0,0,21,47.5
40,40,5,0,0,22,27.5
40,40,5,0,0,23,35
40,40,5,0,0,24,35
40,40,5,0,0,25,45
40,40,5,0,0,26,45
40,40,5,0,0,27,27.5
40,40,5,0,0,28,47.5
40,40,5,0,0,29,32.5
40,40,5,0,0,30,52.5
40,40,5,0,0,31,52.5
40,40,5,0,0,32,40
40,40,5,0,0,33,37.5
40,40,5,0,0,34,40
40,40,5,0,0,35,52.5
40,40,5,0,0,36,30
40,40,5,0,0,37,47.5
40,40,5,0,0,38,50
40,40,5,0,0,39,52.5
40,40,5,0,0,40,45
40,40,5,0,0,41,57.5
40,40,5,0,0,42,55
40,40,5,0,0,43,47.5
40,40,5,0,0,44,55
40,40,5,0,0,45,30
40,40,5,0,0,46,45
40,40,5,0,0,47,40
40,40,5,0,0,48,27.5
40,40,5,0,0,49,47.5
40,40,5,0,0,50,37.5
100,40,5,0,0,1,33
100,40,5,0,0,2,19
100,40,5,0,0,3,38
100,40,5,0,0,4,49
100,40,5,0,0,5,29
100,40,5,0,0,6,50
100,40,5,0,0,7,48
100,40,5,0,0,8,57
100,40,5,0,0,9,33
100,40,5,0,0,10,37
100,40,5,0,0,11,48
100,40,5,0,0,12,47
100,40,5,0,0,13,30
100,40,5,0,0,14,47
100,40,5,0,0,15,36
100,40,5,0,0,16,63
100,40,5,0,0,17,44
100,40,5,0,0,18,52
100,40,5,0,0,19,53
100,40,5,0,0,20,37
100,40,5,0,0,21,27
100,40,5,0,0,22,53
100,40,5,0,0,23,50
100,40,5,0,0,24,42
100,40,5,0,0,25,35
100,40,5,0,0,26,32
100,40,5,0,0,27,20
100,40,5,0,0,28,40
100,40,5,0,0,29,17
100,40,5,0,0,30,40
100,40,5,0,0,31,18
100,40,5,0,0,32,41
100,40,5,0,0,33,45
100,40,5,0,0,34,31
100,40,5,0,0,35,36
100,40,5,0,0,36,41
100,40,5,0,0,37,42
100,40,5,0,0,38,46
100,40,5,0,0,39,39
100,40,5,0,0,40,49
100,40,5,0,0,41,40
100,40,5,0,0,42,37
100,40,5,0,0,43,35
100,40,5,0,0,44,42
100,40,5,0,0,45,49
100,40,5,0,0,46,27
100,40,5,0,0,47,21
100,40,5,0,0,48,42
100,40,5,0,0,49,59
100,40,5,0,0,50,22
40,20,6,0,0,1,37.5
40,20,6,0,0,2,55
40,20,6,0,0,3,42.5
40,20,6,0,0,4,42.5
40,20,6,0,0,5,57.5
40,20,6,0,0,6,60
40,20,6,0,0,7,62.5
40,20,6,0,0,8,42.5
40,20,6,0,0,9,52.5
40,20,6,0,0,10,42.5
40,20,6,0,0,11,57.5
40,20,6,0,0,12,60
40,20,6,0,0,13,52.5
40,20,6,0,0,14,47.5
40,20,6,0,0,15,52.5
40,20,6,0,0,16,42.5
40,20,6,0,0,17,40
40,20,6,0,0,18,50
40,20,6,0,0,19,47.5
40,20,6,0,0,20,45
40,20,6,0,0,21,50
40,20,6,0,0,22,47.5
40,20,6,0,0,23,47.5
40,20,6,0,0,24,55
40,20,6,0,0,25,50
40,20,6,0,0,26,42.5
40,20,6,0,0,27,30
40,20,6,0,0,28,40
40,20,6,0,0,29,52.5
40,20,6,0,0,30,47.5
40,20,6,0,0,31,55
40,20,6,0,0,32,50
40,20,6,0,0,33,47.5
40,20,6,0,0,34,52.5
40,20,6,0,0,35,62.5
40,20,6,0,0,36,37.5
40,20,6,0,0,37,55
40,20,6,0,0,38,55
40,20,6,0,0,39,35
40,20,6,0,0,40,52.5
40,20,6,0,0,41,47.5
40,20,6,0,0,42,45
40,20,6,0,0,43,52.5
40,20,6,0,0,44,47.5
40,20,6,0,0,45,55
40,20,6,0,0,46,57.5
40,20,6,0,0,47,40
40,20,6,0,0,48,52.5
40,20,6,0,0,49,40
40,20,6,0,0,50,45
100,20,6,0,0,1,42
100,20,6,0,0,2,59
100,20,6,0,0,3,54
100,20,6,0,0,4,52
100,20,6,0,0,5,64
100,20,6,0,0,6,53
100,20,6,0,0,7,48
100,20,6,0,0,8,50
100,20,6,0,0,9,62
100,20,6,0,0,10,45
100,20,6,0,0,11,54
100,20,6,0,0,12,51
100,20,6,0,0,13,49
100,20,6,0,0,14,50
100,20,6,0,0,15,37
100,20,6,0,0,16,41
100,20,6,0,0,17,55
100,20,6,0,0,18,42
100,20,6,0,0,19,60
100,20,6,0,0,20,40
100,20,6,0,0,21,55
100,20,6,0,0,22,41
100,20,6,0,0,23,60
100,20,6,0,0,24,51
100,20,6,0,0,25,59
100,20,6,0,0,26,59
100,20,6,0,0,27,43
100,20,6,0,0,28,46
100,20,6,0,0,29,57
100,20,6,0,0,30,49
100,20,6,0,0,31,57
100,20,6,0,0,32,58
100,20,6,0,0,33,44
100,20,6,0,0,34,54
100,20,6,0,0,35,50
100,20,6,0,0,36,57
100,20,6,0,0,37,54
100,20,6,0,0,38,45
100,20,6,0,0,39,53
100,20,6,0,0,40,59
100,20,6,0,0,41,58
100,20,6,0,0,42,36
100,20,6,0,0,43,39
100,20,6,0,0,44,28
100,20,6,0,0,45,63
100,20,6,0,0,46,53
100,20,6,0,0,47,59
100,20,6,0,0,48,52
100,20,6,0,0,49,52
100,20,6,0,0,50,34
40,40,6,0,0,1,42.5
40,40,6,0,0,2,42.5
40,40,6,0,0,3,55
40,40,6,0,0,4,50
40,40,6,0,0,5,42.5
40,40,6,0,0,6,42.5
40,40,6,0,0,7,50
40,40,6,0,0,8,50
40,40,6,0,0,9,40
40,40,6,0,0,10,62.5
40,40,6,0,0,11,45
40,40,6,0,0,12,40
40,40,6,0,0,13,45
40,40,6,0,0,14,55
40,40,6,0,0,15,57.5
40,40,6,0,0,16,40
40,40,6,0,0,17,55
40,40,6,0,0,18,50
40,40,6,0,0,19,55
40,40,6,0,0,20,50
40,40,6,0,0,21,55
40,40,6,0,0,22,45
40,40,6,0,0,23,60
40,40,6,0,0,24,45
40,40,6,0,0,25,57.5
40,40,6,0,0,26,55
40,40,6,0,0,27,50
40,40,6,0,0,28,45
40,40,6,0,0,29,37.5
40,40,6,0,0,30,47.5
40,40,6,0,0,31,50
40,40,6,0,0,32,55
40,40,6,0,0,33,60
40,40,6,0,0,34,47.5
40,40,6,0,0,35,62.5
40,40,6,0,0,36,40
40,40,6,0,0,37,57.5
40,40,6,0,0,38,50
40,40,6,0,0,39,30
40,40,6,0,0,40,47.5
40,40,6,0,0,41,40
40,40,6,0,0,42,45
40,40,6,0,0,43,47.5
40,40,6,0,0,44,50
40,40,6,0,0,45,57.5
40,40,6,0,0,46,52.5
40,40,6,0,0,47,37.5
40,40,6,0,0,48,52.5
40,40,6,0,0,49,47.5
40,40,6,0,0,50,55
100,40,6,0,0,1,40
100,40,6,0,0,2,44
100,40,6,0,0,3,49
100,40,6,0,0,4,40
100,40,6,0,0,5,46
100,40,6,0,0,6,51
100,40,6,0,0,7,36
100,40,6,0,0,8,51
100,40,6,0,0,9,43
100,40,6,0,0,10,35
100,40,6,0,0,11,48
100,40,6,0,0,12,37
100,40,6,0,0,13,39
100,40,6,0,0,14,46
100,40,6,0,0,15,31
100,40,6,0,0,16,53
100,40,6,0,0,17,47
100,40,6,0,0,18,57
100,40,6,0,0,19,52
100,40,6,0,0,20,50
100,40,6,0,0,21,47
100,40,6,0,0,22,46
100,40,6,0,0,23,42
100,40,6,0,0,24,56
100,40,6,0,0,25,56
100,40,6,0,0,26,36
100,40,6,0,0,27,54
100,40,6,0,0,28,49
100,40,6,0,0,29,55
100,40,6,0,0,30,44
100,40,6,0,0,31,42
100,40,6,0,0,32,51
100,40,6,0,0,33,34
100,40,6,0,0,34,52
100,40,6,0,0,35,56
100,40,6,0,0,36,47
100,40,6,0,0,37,35
100,40,6,0,0,38,49
100,40,6,0,0,39,54
100,40,6,0,0,40,58
100,40,6,0,0,41,59
100,40,6,0,0,42,48
100,40,6,0,0,43,39
100,40,6,0,0,44,50
100,40,6,0,0,45,57
100,40,6,0,0,46,39
100,40,6,0,0,47,51
100,40,6,0,0,48,52
100,40,6,0,0,49,43
100,40,6,0,0,50,43
40,20,1,100,0,1,0
40,20,1,100,0,2,0
40,20,1,100,0,3,0
40,20,1,100,0,4,0
40,20,1,100,0,5,0
40,20,1,100,0,6,0
40,20,1,100,0,7,0
40,20,1,100,0,8,0
40,20,1,100,0,9,0
40,20,1,100,0,10,0
40,20,1,100,0,11,0
40,20,1,100,0,12,0
40,20,1,100,0,13,0
40,20,1,100,0,14,0
40,20,1,100,0,15,0
40,20,1,100,0,16,0
40,20,1,100,0,17,0
40,20,1,100,0,18,0
40,20,1,100,0,19,0
40,20,1,100,0,20,0
40,20,1,100,0,21,0
40,20,1,100,0,22,0
40,20,1,100,0,23,0
40,20,1,100,0,24,0
40,20,1,100,0,25,0
40,20,1,100,0,26,0
40,20,1,100,0,27,0
40,20,1,100,0,28,0
40,20,1,100,0,29,0
40,20,1,100,0,30,0
40,20,1,100,0,31,0
40,20,1,100,0,32,0
40,20,1,100,0,33,0
40,20,1,100,0,34,0
40,20,1,100,0,35,0
40,20,1,100,0,36,0
40,20,1,100,0,37,0
40,20,1,100,0,38,0
40,20,1,100,0,39,0
40,20,1,100,0,40,0
40,20,1,100,0,41,0
40,20,1,100,0,42,0
40,20,1,100,0,43,0
40,20,1,100,0,44,0
40,20,1,100,0,45,0
40,20,1,100,0,46,0
40,20,1,100,0,47,0
40,20,1,100,0,48,0
40,20,1,100,0,49,0
40,20,1,100,0,50,0
100,20,1,100,0,1,0
100,20,1,100,0,2,0
100,20,1,100,0,3,0
100,20,1,100,0,4,0
100,20,1,100,0,5,0
100,20,1,100,0,6,0
100,20,1,100,0,7,0
100,20,1,100,0,8,0
100,20,1,100,0,9,0
100,20,1,100,0,10,0
100,20,1,100,0,11,0
100,20,1,100,0,12,0
100,20,1,100,0,13,0
100,20,1,100,0,14,0
100,20,1,100,0,15,0
100,20,1,100,0,16,0
100,20,1,100,0,17,0
100,20,1,100,0,18,0
100,20,1,100,0,19,0
100,20,1,100,0,20,0
100,20,1,100,0,21,0
100,20,1,100,0,22,0
100,20,1,100,0,23,0
100,20,1,100,0,24,0
100,20,1,100,0,25,0
100,20,1,100,0,26,0
100,20,1,100,0,27,0
100,20,1,100,0,28,0
100,20,1,100,0,29,0
100,20,1,100,0,30,0
100,20,1,100,0,31,0
100,20,1,100,0,32,0
100,20,1,100,0,33,0
100,20,1,100,0,34,0
100,20,1,100,0,35,0
100,20,1,100,0,36,0
100,20,1,100,0,37,0
100,20,1,100,0,38,0
100,20,1,100,0,39,0
100,20,1,100,0,40,0
100,20,1,100,0,41,0
100,20,1,100,0,42,0
100,20,1,100,0,43,0
100,20,1,100,0,44,0
100,20,1,100,0,45,0
100,20,1,100,0,46,0
100,20,1,100,0,47,0
100,20,1,100,0,48,0
100,20,1,100,0,49,0
100,20,1,100,0,50,0
40,40,1,100,0,1,0
40,40,1,100,0,2,0
40,40,1,100,0,3,0
40,40,1,100,0,4,0
40,40,1,100,0,5,0
40,40,1,100,0,6,0
40,40,1,100,0,7,0
40,40,1,100,0,8,0
40,40,1,100,0,9,0
40,40,1,100,0,10,0
40,40,1,100,0,11,0
40,40,1,100,0,12,0
40,40,1,100,0,13,0
40,40,1,100,0,14,0
40,40,1,100,0,15,0
40,40,1,100,0,16,0
40,40,1,100,0,17,0
40,40,1,100,0,18,0
40,40,1,100,0,19,0
40,40,1,100,0,20,0
40,40,1,100,0,21,0
40,40,1,100,0,22,0
40,40,1,100,0,23,0
40,40,1,100,0,24,0
40,40,1,100,0,25,0
40,40,1,100,0,26,0
40,40,1,100,0,27,0
40,40,1,100,0,28,0
40,40,1,100,0,29,0
40,40,1,100,0,30,0
40,40,1,100,0,31,0
40,40,1,100,0,32,0
40,40,1,100,0,33,0
40,40,1,100,0,34,0
40,40,1,100,0,35,0
40,40,1,100,0,36,0
40,40,1,100,0,37,0
40,40,1,100,0,38,0
40,40,1,100,0,39,0
40,40,1,100,0,40,0
40,40,1,100,0,41,0
40,40,1,100,0,42,0
40,40,1,100,0,43,0
40,40,1,100,0,44,0
40,40,1,100,0,45,0
40,40,1,100,0,46,0
40,40,1,100,0,47,0
40,40,1,100,0,48,0
40,40,1,100,0,49,0
40,40,1,100,0,50,0
100,40,1,100,0,1,0
100,40,1,100,0,2,0
100,40,1,100,0,3,0
100,40,1,100,0,4,0
100,40,1,100,0,5,0
100,40,1,100,0,6,0
100,40,1,100,0,7,0
100,40,1,100,0,8,0
100,40,1,100,0,9,0
100,40,1,100,0,10,0
100,40,1,100,0,11,0
100,40,1,100,0,12,0
100,40,1,100,0,13,0
100,40,1,100,0,14,0
100,40,1,100,0,15,0
100,40,1,100,0,16,0
100,40,1,100,0,17,0
100,40,1,100,0,18,0
100,40,1,100,0,19,0
100,40,1,100,0,20,0
100,40,1,100,0,21,0
100,40,1,100,0,22,0
100,40,1,100,0,23,0
100,40,1,100,0,24,0
100,40,1,100,0,25,0
100,40,1,100,0,26,0
100,40,1,100,0,27,0
100,40,1,100,0,28,0
100,40,1,100,0,29,0
100,40,1,100,0,30,0
100,40,1,100,0,31,0
100,40,1,100,0,32,0
100,40,1,100,0,33,0
100,40,1,100,0,34,0
100,40,1,100,0,35,0
100,40,1,100,0,36,0
100,40,1,100,0,37,0
100,40,1,100,0,38,0
100,40,1,100,0,39,0
100,40,1,100,0,40,0
100,40,1,100,0,41,0
100,40,1,100,0,42,0
100,40,1,100,0,43,0
100,40,1,100,0,44,0
100,40,1,100,0,45,0
100,40,1,100,0,46,0
100,40,1,100,0,47,0
100,40,1,100,0,48,0
100,40,1,100,0,49,0
100,40,1,100,0,50,0
40,20,2,100,0,1,2.5
40,20,2,100,0,2,5
40,20,2,100,0,3,15
40,20,2,100,0,4,2.5
40,20,2,100,0,5,2.5
40,20,2,100,0,6,0
40,20,2,100,0,7,5
40,20,2,100,0,8,5
40,20,2,100,0,9,0
40,20,2,100,0,10,5
40,20,2,100,0,11,7.5
40,20,2,100,0,12,0
40,20,2,100,0,13,5
40,20,2,100,0,14,10
40,20,2,100,0,15,2.5
40,20,2,100,0,16,5
40,20,2,100,0,17,15
40,20,2,100,0,18,10
40,20,2,100,0,19,0
40,20,2,100,0,20,0
40,20,2,100,0,21,20
40,20,2,100,0,22,2.5
40,20,2,100,0,23,2.5
40,20,2,100,0,24,0
40,20,2,100,0,25,15
40,20,2,100,0,26,7.5
40,20,2,100,0,27,5
40,20,2,100,0,28,10
40,20,2,100,0,29,20
40,20,2,100,0,30,2.5
40,20,2,100,0,31,2.5
40,20,2,100,0,32,2.5
40,20,2,100,0,33,2.5
40,20,2,100,0,34,7.5
40,20,2,100,0,35,15
40,20,2,100,0,36,2.5
40,20,2,100,0,37,15
40,20,2,100,0,38,10
40,20,2,100,0,39,2.5
40,20,2,100,0,40,0
40,20,2,100,0,41,5
40,20,2,100,0,42,0
40,20,2,100,0,43,10
40,20,2,100,0,44,0
40,20,2,100,0,45,20
40,20,2,100,0,46,15
40,20,2,100,0,47,12.5
40,20,2,100,0,48,2.5
40,20,2,100,0,49,7.5
40,20,2,100,0,50,47.5
100,20,2,100,0,1,0
100,20,2,100,0,2,3
100,20,2,100,0,3,14
100,20,2,100,0,4,11
100,20,2,100,0,5,0
100,20,2,100,0,6,2
100,20,2,100,0,7,11
100,20,2,100,0,8,2
100,20,2,100,0,9,4
100,20,2,100,0,10,1
100,20,2,100,0,11,4
100,20,2,100,0,12,7
100,20,2,100,0,13,7
100,20,2,100,0,14,4
100,20,2,100,0,15,8
100,20,2,100,0,16,7
100,20,2,100,0,17,5
100,20,2,100,0,18,4
100,20,2,100,0,19,7
100,20,2,100,0,20,1
100,20,2,100,0,21,3
100,20,2,100,0,22,3
100,20,2,100,0,23,4
100,20,2,100,0,24,13
100,20,2,100,0,25,3
100,20,2,100,0,26,4
100,20,2,100,0,27,7
100,20,2,100,0,28,6
100,20,2,100,0,29,4
100,20,2,100,0,30,0
100,20,2,100,0,31,5
100,20,2,100,0,32,1
100,20,2,100,0,33,18
100,20,2,100,0,34,7
100,20,2,100,0,35,18
100,20,2,100,0,36,5
100,20,2,100,0,37,3
100,20,2,100,0,38,1
100,20,2,100,0,39,10
100,20,2,100,0,40,3
100,20,2,100,0,41,1
100,20,2,100,0,42,4
100,20,2,100,0,43,20
100,20,2,100,0,44,4
100,20,2,100,0,45,2
100,20,2,100,0,46,1
100,20,2,100,0,47,13
100,20,2,100,0,48,6
100,20,2,100,0,49,1
100,20,2,100,0,50,1
40,40,2,100,0,1,10
40,40,2,100,0,2,7.5
40,40,2,100,0,3,25
40,40,2,100,0,4,17.5
40,40,2,100,0,5,12.5
40,40,2,100,0,6,0
40,40,2,100,0,7,10
40,40,2,100,0,8,5
40,40,2,100,0,9,5
40,40,2,100,0,10,7.5
40,40,2,100,0,11,10
40,40,2,100,0,12,10
40,40,2,100,0,13,2.5
40,40,2,100,0,14,10
40,40,2,100,0,15,7.5
40,40,2,100,0,16,2.5
40,40,2,100,0,17,0
40,40,2,100,0,18,10
40,40,2,100,0,19,12.5
40,40,2,100,0,20,35
40,40,2,100,0,21,2.5
40,40,2,100,0,22,2.5
40,40,2,100,0,23,2.5
40,40,2,100,0,24,2.5
40,40,2,100,0,25,5
40,40,2,100,0,26,5
40,40,2,100,0,27,15
40,40,2,100,0,28,17.5
40,40,2,100,0,29,0
40,40,2,100,0,30,10
40,40,2,100,0,31,10
40,40,2,100,0,32,5
40,40,2,100,0,33,12.5
40,40,2,100,0,34,10
40,40,2,100,0,35,12.5
40,40,2,100,0,36,2.5
40,40,2,100,0,37,25
40,40,2,100,0,38,10
40,40,2,100,0,39,7.5
40,40,2,100,0,40,17.5
40,40,2,100,0,41,10
40,40,2,100,0,42,22.5
40,40,2,100,0,43,20
40,40,2,100,0,44,20
40,40,2,100,0,45,12.5
40,40,2,100,0,46,10
40,40,2,100,0,47,10
40,40,2,100,0,48,7.5
40,40,2,100,0,49,5
40,40,2,100,0,50,2.5
100,40,2,100,0,1,4
100,40,2,100,0,2,4
100,40,2,100,0,3,6
100,40,2,100,0,4,5
100,40,2,100,0,5,2
100,40,2,100,0,6,5
100,40,2,100,0,7,13
100,40,2,100,0,8,4
100,40,2,100,0,9,1
100,40,2,100,0,10,2
100,40,2,100,0,11,3
100,40,2,100,0,12,3
100,40,2,100,0,13,9
100,40,2,100,0,14,2
100,40,2,100,0,15,6
100,40,2,100,0,16,4
100,40,2,100,0,17,1
100,40,2,100,0,18,2
100,40,2,100,0,19,9
100,40,2,100,0,20,2
100,40,2,100,0,21,2
100,40,2,100,0,22,3
100,40,2,100,0,23,4
100,40,2,100,0,24,3
100,40,2,100,0,25,1
100,40,2,100,0,26,1
100,40,2,100,0,27,0
100,40,2,100,0,28,4
100,40,2,100,0,29,4
100,40,2,100,0,30,4
100,40,2,100,0,31,4
100,40,2,100,0,32,2
100,40,2,100,0,33,1
100,40,2,100,0,34,3
100,40,2,100,0,35,5
100,40,2,100,0,36,3
100,40,2,100,0,37,2
100,40,2,100,0,38,14
100,40,2,100,0,39,2
100,40,2,100,0,40,3
100,40,2,100,0,41,0
100,40,2,100,0,42,7
100,40,2,100,0,43,3
100,40,2,100,0,44,13
100,40,2,100,0,45,5
100,40,2,100,0,46,5
100,40,2,100,0,47,2
100,40,2,100,0,48,2
100,40,2,100,0,49,1
100,40,2,100,0,50,3
40,20,3,100,0,1,15
40,20,3,100,0,2,7.5
40,20,3,100,0,3,10
40,20,3,100,0,4,10
40,20,3,100,0,5,15
40,20,3,100,0,6,37.5
40,20,3,100,0,7,12.5
40,20,3,100,0,8,22.5
40,20,3,100,0,9,17.5
40,20,3,100,0,10,12.5
40,20,3,100,0,11,27.5
40,20,3,100,0,12,12.5
40,20,3,100,0,13,22.5
40,20,3,100,0,14,10
40,20,3,100,0,15,12.5
40,20,3,100,0,16,2.5
40,20,3,100,0,17,5
40,20,3,100,0,18,10
40,20,3,100,0,19,12.5
40,20,3,100,0,20,5
40,20,3,100,0,21,37.5
40,20,3,100,0,22,15
40,20,3,100,0,23,22.5
40,20,3,100,0,24,42.5
40,20,3,100,0,25,7.5
40,20,3,100,0,26,32.5
40,20,3,100,0,27,2.5
40,20,3,100,0,28,15
40,20,3,100,0,29,10
40,20,3,100,0,30,12.5
40,20,3,100,0,31,22.5
40,20,3,100,0,32,12.5
40,20,3,100,0,33,7.5
40,20,3,100,0,34,25
40,20,3,100,0,35,10
40,20,3,100,0,36,15
40,20,3,100,0,37,35
40,20,3,100,0,38,30
40,20,3,100,0,39,2.5
40,20,3,100,0,40,40
40,20,3,100,0,41,15
40,20,3,100,0,42,2.5
40,20,3,100,0,43,17.5
40,20,3,100,0,44,32.5
40,20,3,100,0,45,20
40,20,3,100,0,46,10
40,20,3,100,0,47,7.5
40,20,3,100,0,48,12.5
40,20,3,100,0,49,32.5
40,20,3,100,0,50,40
100,20,3,100,0,1,7
100,20,3,100,0,2,3
100,20,3,100,0,3,12
100,20,3,100,0,4,12
100,20,3,100,0,5,4
100,20,3,100,0,6,18
100,20,3,100,0,7,4
100,20,3,100,0,8,20
100,20,3,100,0,9,9
100,20,3,100,0,10,10
100,20,3,100,0,11,20
100,20,3,100,0,12,14
100,20,3,100,0,13,14
100,20,3,100,0,14,13
100,20,3,100,0,15,14
100,20,3,100,0,16,15
100,20,3,100,0,17,12
100,20,3,100,0,18,7
100,20,3,100,0,19,9
100,20,3,100,0,20,10
100,20,3,100,0,21,19
100,20,3,100,0,22,7
100,20,3,100,0,23,9
100,20,3,100,0,24,11
100,20,3,100,0,25,22
100,20,3,100,0,26,4
100,20,3,100,0,27,11
100,20,3,100,0,28,18
100,20,3,100,0,29,9
100,20,3,100,0,30,26
100,20,3,100,0,31,8
100,20,3,100,0,32,36
100,20,3,100,0,33,5
100,20,3,100,0,34,6
100,20,3,100,0,35,2
100,20,3,100,0,36,19
100,20,3,100,0,37,3
100,20,3,100,0,38,6
100,20,3,100,0,39,11
100,20,3,100,0,40,14
100,20,3,100,0,41,11
100,20,3,100,0,42,13
100,20,3,100,0,43,7
100,20,3,100,0,44,23
100,20,3,100,0,45,13
100,20,3,100,0,46,9
100,20,3,100,0,47,6
100,20,3,100,0,48,10
100,20,3,100,0,49,33
100,20,3,100,0,50,5
40,40,3,100,0,1,20
40,40,3,100,0,2,17.5
40,40,3,100,0,3,30
40,40,3,100,0,4,20
40,40,3,100,0,5,5
40,40,3,100,0,6,22.5
40,40,3,100,0,7,20
40,40,3,100,0,8,2.5
40,40,3,100,0,9,10
40,40,3,100,0,10,20
40,40,3,100,0,11,10
40,40,3,100,0,12,42.5
40,40,3,100,0,13,20
40,40,3,100,0,14,5
40,40,3,100,0,15,15
40,40,3,100,0,16,22.5
40,40,3,100,0,17,27.5
40,40,3,100,0,18,12.5
40,40,3,100,0,19,10
40,40,3,100,0,20,22.5
40,40,3,100,0,21,17.5
40,40,3,100,0,22,2.5
40,40,3,100,0,23,7.5
40,40,3,100,0,24,10
40,40,3,100,0,25,7.5
40,40,3,100,0,26,10
40,40,3,100,0,27,42.5
40,40,3,100,0,28,7.5
40,40,3,100,0,29,15
40,40,3,100,0,30,37.5
40,40,3,100,0,31,10
40,40,3,100,0,32,25
40,40,3,100,0,33,20
40,40,3,100,0,34,7.5
40,40,3,100,0,35,52.5
40,40,3,100,0,36,15
40,40,3,100,0,37,7.5
40,40,3,100,0,38,22.5
40,40,3,100,0,39,7.5
40,40,3,100,0,40,7.5
40,40,3,100,0,41,30
40,40,3,100,0,42,12.5
40,40,3,100,0,43,25
40,40,3,100,0,44,15
40,40,3,100,0,45,10
40,40,3,100,0,46,2.5
40,40,3,100,0,47,7.5
40,40,3,100,0,48,30
40,40,3,100,0,49,17.5
40,40,3,100,0,50,7.5
100,40,3,100,0,1,13
100,40,3,100,0,2,8
100,40,3,100,0,3,15
100,40,3,100,0,4,2
100,40,3,100,0,5,13
100,40,3,100,0,6,13
100,40,3,100,0,7,5
100,40,3,100,0,8,11
100,40,3,100,0,9,6
100,40,3,100,0,10,11
100,40,3,100,0,11,8
100,40,3,100,0,12,6
100,40,3,100,0,13,12
100,40,3,100,0,14,5
100,40,3,100,0,15,2
100,40,3,100,0,16,18
100,40,3,100,0,17,7
100,40,3,100,0,18,15
100,40,3,100,0,19,3
100,40,3,100,0,20,3
100,40,3,100,0,21,5
100,40,3,100,0,22,5
100,40,3,100,0,23,13
100,40,3,100,0,24,8
100,40,3,100,0,25,9
100,40,3,100,0,26,5
100,40,3,100,0,27,3
100,40,3,100,0,28,8
100,40,3,100,0,29,9
100,40,3,100,0,30,3
100,40,3,100,0,31,21
100,40,3,100,0,32,9
100,40,3,100,0,33,3
100,40,3,100,0,34,19
100,40,3,100,0,35,10
100,40,3,100,0,36,13
100,40,3,100,0,37,9
100,40,3,100,0,38,19
100,40,3,100,0,39,1
100,40,3,100,0,40,11
100,40,3,100,0,41,6
100,40,3,100,0,42,21
100,40,3,100,0,43,11
100,40,3,100,0,44,11
100,40,3,100,0,45,13
100,40,3,100,0,46,8
100,40,3,100,0,47,9
100,40,3,100,0,48,20
100,40,3,100,0,49,7
100,40,3,100,0,50,7
40,20,4,100,0,1,10
40,20,4,100,0,2,40
40,20,4,100,0,3,35
40,20,4,100,0,4,5
40,20,4,100,0,5,12.5
40,20,4,100,0,6,30
40,20,4,100,0,7,30
40,20,4,100,0,8,37.5
40,20,4,100,0,9,20
40,20,4,100,0,10,10
40,20,4,100,0,11,22.5
40,20,4,100,0,12,22.5
40,20,4,100,0,13,10
40,20,4,100,0,14,15
40,20,4,100,0,15,32.5
40,20,4,100,0,16,25
40,20,4,100,0,17,37.5
40,20,4,100,0,18,37.5
40,20,4,100,0,19,15
40,20,4,100,0,20,15
40,20,4,100,0,21,30
40,20,4,100,0,22,15
40,20,4,100,0,23,17.5
40,20,4,100,0,24,17.5
40,20,4,100,0,25,10
40,20,4,100,0,26,10
40,20,4,100,0,27,22.5
40,20,4,100,0,28,7.5
40,20,4,100,0,29,27.5
40,20,4,100,0,30,45
40,20,4,100,0,31,20
40,20,4,100,0,32,32.5
40,20,4,100,0,33,40
40,20,4,100,0,34,27.5
40,20,4,100,0,35,37.5
40,20,4,100,0,36,25
40,20,4,100,0,37,7.5
40,20,4,100,0,38,7.5
40,20,4,100,0,39,12.5
40,20,4,100,0,40,32.5
40,20,4,100,0,41,35
40,20,4,100,0,42,25
40,20,4,100,0,43,25
40,20,4,100,0,44,15
40,20,4,100,0,45,27.5
40,20,4,100,0,46,20
40,20,4,100,0,47,10
40,20,4,100,0,48,12.5
40,20,4,100,0,49,15
40,20,4,100,0,50,27.5
100,20,4,100,0,1,19
100,20,4,100,0,2,12
100,20,4,100,0,3,5
100,20,4,100,0,4,11
100,20,4,100,0,5,42
100,20,4,100,0,6,10
100,20,4,100,0,7,13
100,20,4,100,0,8,36
100,20,4,100,0,9,14
100,20,4,100,0,10,15
100,20,4,100,0,11,22
100,20,4,100,0,12,18
100,20,4,100,0,13,17
100,20,4,100,0,14,21
100,20,4,100,0,15,25
100,20,4,100,0,16,19
100,20,4,100,0,17,10
100,20,4,100,0,18,11
100,20,4,100,0,19,14
100,20,4,100,0,20,15
100,20,4,100,0,21,16
100,20,4,100,0,22,25
100,20,4,100,0,23,29
100,20,4,100,0,24,18
100,20,4,100,0,25,5
100,20,4,100,0,26,37
100,20,4,100,0,27,18
100,20,4,100,0,28,22
100,20,4,100,0,29,18
100,20,4,100,0,30,14
100,20,4,100,0,31,37
100,20,4,100,0,32,40
100,20,4,100,0,33,32
100,20,4,100,0,34,13
100,20,4,100,0,35,21
100,20,4,100,0,36,13
100,20,4,100,0,37,34
100,20,4,100,0,38,13
100,20,4,100,0,39,16
100,20,4,100,0,40,18
100,20,4,100,0,41,25
100,20,4,100,0,42,13
100,20,4,100,0,43,25
100,20,4,100,0,44,41
100,20,4,100,0,45,11
100,20,4,100,0,46,29
100,20,4,100,0,47,18
100,20,4,100,0,48,9
100,20,4,100,0,49,14
100,20,4,100,0,50,32
40,40,4,100,0,1,32.5
40,40,4,100,0,2,12.5
40,40,4,100,0,3,37.5
40,40,4,100,0,4,35
40,40,4,100,0,5,40
40,40,4,100,0,6,32.5
40,40,4,100,0,7,40
40,40,4,100,0,8,22.5
40,40,4,100,0,9,22.5
40,40,4,100,0,10,30
40,40,4,100,0,11,20
40,40,4,100,0,12,25
40,40,4,100,0,13,17.5
40,40,4,100,0,14,25
40,40,4,100,0,15,25
40,40,4,100,0,16,10
40,40,4,100,0,17,37.5
40,40,4,100,0,18,25
40,40,4,100,0,19,22.5
40,40,4,100,0,20,30
40,40,4,100,0,21,20
40,40,4,100,0,22,30
40,40,4,100,0,23,37.5
40,40,4,100,0,24,35
40,40,4,100,0,25,25
40,40,4,100,0,26,22.5
40,40,4,100,0,27,20
40,40,4,100,0,28,12.5
40,40,4,100,0,29,37.5
40,40,4,100,0,30,12.5
40,40,4,100,0,31,17.5
40,40,4,100,0,32,25
40,40,4,100,0,33,15
40,40,4,100,0,34,25
40,40,4,100,0,35,15
40,40,4,100,0,36,27.5
40,40,4,100,0,37,37.5
40,40,4,100,0,38,30
40,40,4,100,0,39,17.5
40,40,4,100,0,40,37.5
40,40,4,100,0,41,20
40,40,4,100,0,42,5
40,40,4,100,0,43,20
40,40,4,100,0,44,40
40,40,4,100,0,45,2.5
40,40,4,100,0,46,30
40,40,4,100,0,47,25
40,40,4,100,0,48,42.5
40,40,4,100,0,49,7.5
40,40,4,100,0,50,32.5
100,40,4,100,0,1,15
100,40,4,100,0,2,11
100,40,4,100,0,3,4
100,40,4,100,0,4,6
100,40,4,100,0,5,3
100,40,4,100,0,6,8
100,40,4,100,0,7,11
100,40,4,100,0,8,10
100,40,4,100,0,9,11
100,40,4,100,0,10,16
100,40,4,100,0,11,13
100,40,4,100,0,12,13
100,40,4,100,0,13,11
100,40,4,100,0,14,16
100,40,4,100,0,15,21
100,40,4,100,0,16,13
100,40,4,100,0,17,3
100,40,4,100,0,18,8
100,40,4,100,0,19,15
100,40,4,100,0,20,23
100,40,4,100,0,21,6
100,40,4,100,0,22,15
100,40,4,100,0,23,5
100,40,4,100,0,24,13
100,40,4,100,0,25,15
100,40,4,100,0,26,11
100,40,4,100,0,27,18
100,40,4,100,0,28,12
100,40,4,100,0,29,17
100,40,4,100,0,30,7
100,40,4,100,0,31,11
100,40,4,100,0,32,9
100,40,4,100,0,33,5
100,40,4,100,0,34,23
100,40,4,100,0,35,4
100,40,4,100,0,36,17
100,40,4,100,0,37,10
100,40,4,100,0,38,3
100,40,4,100,0,39,25
100,40,4,100,0,40,38
100,40,4,100,0,41,12
100,40,4,100,0,42,14
100,40,4,100,0,43,5
100,40,4,100,0,44,11
100,40,4,100,0,45,7
100,40,4,100,0,46,8
100,40,4,100,0,47,37
100,40,4,100,0,48,18
100,40,4,100,0,49,32
100,40,4,100,0,50,6
40,20,5,100,0,1,22.5
40,20,5,100,0,2,42.5
40,20,5,100,0,3,32.5
40,20,5,100,0,4,50
40,20,5,100,0,5,35
40,20,5,100,0,6,25
40,20,5,100,0,7,15
40,20,5,100,0,8,20
40,20,5,100,0,9,35
40,20,5,100,0,10,32.5
40,20,5,100,0,11,35
40,20,5,100,0,12,35
40,20,5,100,0,13,22.5
40,20,5,100,0,14,32.5
40,20,5,100,0,15,12.5
40,20,5,100,0,16,45
40,20,5,100,0,17,35
40,20,5,100,0,18,47.5
40,20,5,100,0,19,12.5
40,20,5,100,0,20,30
40,20,5,100,0,21,30
40,20,5,100,0,22,32.5
40,20,5,100,0,23,37.5
40,20,5,100,0,24,42.5
40,20,5,100,0,25,15
40,20,5,100,0,26,17.5
40,20,5,100,0,27,25
40,20,5,100,0,28,17.5
40,20,5,100,0,29,17.5
40,20,5,100,0,30,7.5
40,20,5,100,0,31,42.5
40,20,5,100,0,32,27.5
40,20,5,100,0,33,20
40,20,5,100,0,34,37.5
40,20,5,100,0,35,25
40,20,5,100,0,36,10
40,20,5,100,0,37,50
40,20,5,100,0,38,12.5
40,20,5,100,0,39,37.5
40,20,5,100,0,40,22.5
40,20,5,100,0,41,30
40,20,5,100,0,42,25
40,20,5,100,0,43,22.5
40,20,5,100,0,44,35
40,20,5,100,0,45,10
40,20,5,100,0,46,40
40,20,5,100,0,47,35
40,20,5,100,0,48,45
40,20,5,100,0,49,30
40,20,5,100,0,50,42.5
100,20,5,100,0,1,42
100,20,5,100,0,2,18
100,20,5,100,0,3,25
100,20,5,100,0,4,13
100,20,5,100,0,5,40
100,20,5,100,0,6,12
100,20,5,100,0,7,35
100,20,5,100,0,8,40
100,20,5,100,0,9,23
100,20,5,100,0,10,38
100,20,5,100,0,11,23
100,20,5,100,0,12,15
100,20,5,100,0,13,23
100,20,5,100,0,14,35
100,20,5,100,0,15,54
100,20,5,100,0,16,44
100,20,5,100,0,17,19
100,20,5,100,0,18,17
100,20,5,100,0,19,34
100,20,5,100,0,20,26
100,20,5,100,0,21,25
100,20,5,100,0,22,21
100,20,5,100,0,23,37
100,20,5,100,0,24,19
100,20,5,100,0,25,36
100,20,5,100,0,26,21
100,20,5,100,0,27,23
100,20,5,100,0,28,20
100,20,5,100,0,29,34
100,20,5,100,0,30,13
100,20,5,100,0,31,17
100,20,5,100,0,32,34
100,20,5,100,0,33,25
100,20,5,100,0,34,10
100,20,5,100,0,35,17
100,20,5,100,0,36,39
100,20,5,100,0,37,28
100,20,5,100,0,38,17
100,20,5,100,0,39,25
100,20,5,100,0,40,21
100,20,5,100,0,41,41
100,20,5,100,0,42,15
100,20,5,100,0,43,42
100,20,5,100,0,44,34
100,20,5,100,0,45,50
100,20,5,100,0,46,23
100,20,5,100,0,47,13
100,20,5,100,0,48,5
100,20,5,100,0,49,45
100,20,5,100,0,50,28
40,40,5,100,0,1,32.5
40,40,5,100,0,2,27.5
40,40,5,100,0,3,47.5
40,40,5,100,0,4,37.5
40,40,5,100,0,5,37.5
40,40,5,100,0,6,45
40,40,5,100,0,7,35
40,40,5,100,0,8,30
40,40,5,100,0,9,12.5
40,40,5,100,0,10,45
40,40,5,100,0,11,20
40,40,5,100,0,12,17.5
40,40,5,100,0,13,22.5
40,40,5,100,0,14,45
40,40,5,100,0,15,12.5
40,40,5,100,0,16,15
40,40,5,100,0,17,22.5
40,40,5,100,0,18,7.5
40,40,5,100,0,19,55
40,40,5,100,0,20,42.5
40,40,5,100,0,21,42.5
40,40,5,100,0,22,30
40,40,5,100,0,23,35
40,40,5,100,0,24,22.5
40,40,5,100,0,25,42.5
40,40,5,100,0,26,17.5
40,40,5,100,0,27,25
40,40,5,100,0,28,30
40,40,5,100,0,29,30
40,40,5,100,0,30,15
40,40,5,100,0,31,20
40,40,5,100,0,32,45
40,40,5,100,0,33,27.5
40,40,5,100,0,34,17.5
40,40,5,100,0,35,35
40,40,5,100,0,36,35
40,40,5,100,0,37,32.5
40,40,5,100,0,38,25
40,40,5,100,0,39,37.5
40,40,5,100,0,40,30
40,40,5,100,0,41,22.5
40,40,5,100,0,42,35
40,40,5,100,0,43,45
40,40,5,100,0,44,32.5
40,40,5,100,0,45,45
40,40,5,100,0,46,40
40,40,5,100,0,47,20
40,40,5,100,0,48,50
40,40,5,100,0,49,20
40,40,5,100,0,50,27.5
100,40,5,100,0,1,4
100,40,5,100,0,2,11
100,40,5,100,0,3,39
100,40,5,100,0,4,12
100,40,5,100,0,5,14
100,40,5,100,0,6,5
100,40,5,100,0,7,13
100,40,5,100,0,8,45
100,40,5,100,0,9,11
100,40,5,100,0,10,17
100,40,5,100,0,11,19
100,40,5,100,0,12,11
100,40,5,100,0,13,14
100,40,5,100,0,14,19
100,40,5,100,0,15,19
100,40,5,100,0,16,16
100,40,5,100,0,17,24
100,40,5,100,0,18,21
100,40,5,100,0,19,14
100,40,5,100,0,20,7
100,40,5,100,0,21,34
100,40,5,100,0,22,26
100,40,5,100,0,23,32
100,40,5,100,0,24,39
100,40,5,100,0,25,27
100,40,5,100,0,26,5
100,40,5,100,0,27,27
100,40,5,100,0,28,28
100,40,5,100,0,29,14
100,40,5,100,0,30,13
100,40,5,100,0,31,21
100,40,5,100,0,32,24
100,40,5,100,0,33,9
100,40,5,100,0,34,16
100,40,5,100,0,35,9
100,40,5,100,0,36,24
100,40,5,100,0,37,8
100,40,5,100,0,38,11
100,40,5,100,0,39,19
100,40,5,100,0,40,9
100,40,5,100,0,41,31
100,40,5,100,0,42,15
100,40,5,100,0,43,33
100,40,5,100,0,44,11
100,40,5,100,0,45,22
100,40,5,100,0,46,4
100,40,5,100,0,47,12
100,40,5,100,0,48,31
100,40,5,100,0,49,16
100,40,5,100,0,50,7
40,20,6,100,0,1,15
40,20,6,100,0,2,47.5
40,20,6,100,0,3,27.5
40,20,6,100,0,4,52.5
40,20,6,100,0,5,30
40,20,6,100,0,6,40
40,20,6,100,0,7,27.5
40,20,6,100,0,8,32.5
40,20,6,100,0,9,27.5
40,20,6,100,0,10,15
40,20,6,100,0,11,40
40,20,6,100,0,12,40
40,20,6,100,0,13,42.5
40,20,6,100,0,14,42.5
40,20,6,100,0,15,25
40,20,6,100,0,16,22.5
40,20,6,100,0,17,45
40,20,6,100,0,18,32.5
40,20,6,100,0,19,45
40,20,6,100,0,20,27.5
40,20,6,100,0,21,40
40,20,6,100,0,22,17.5
40,20,6,100,0,23,20
40,20,6,100,0,24,50
40,20,6,100,0,25,30
40,20,6,100,0,26,45
40,20,6,100,0,27,35
40,20,6,100,0,28,35
40,20,6,100,0,29,32.5
40,20,6,100,0,30,50
40,20,6,100,0,31,35
40,20,6,100,0,32,42.5
40,20,6,100,0,33,15
40,20,6,100,0,34,40
40,20,6,100,0,35,47.5
40,20,6,100,0,36,25
40,20,6,100,0,37,40
40,20,6,100,0,38,27.5
40,20,6,100,0,39,37.5
40,20,6,100,0,40,42.5
40,20,6,100,0,41,32.5
40,20,6,100,0,42,32.5
40,20,6,100,0,43,52.5
40,20,6,100,0,44,30
40,20,6,100,0,45,32.5
40,20,6,100,0,46,20
40,20,6,100,0,47,25
40,20,6,100,0,48,20
40,20,6,100,0,49,32.5
40,20,6,100,0,50,20
100,20,6,100,0,1,22
100,20,6,100,0,2,38
100,20,6,100,0,3,22
100,20,6,100,0,4,33
100,20,6,100,0,5,21
100,20,6,100,0,6,35
100,20,6,100,0,7,35
100,20,6,100,0,8,51
100,20,6,100,0,9,16
100,20,6,100,0,10,20
100,20,6,100,0,11,8
100,20,6,100,0,12,28
100,20,6,100,0,13,35
100,20,6,100,0,14,46
100,20,6,100,0,15,16
100,20,6,100,0,16,27
100,20,6,100,0,17,18
100,20,6,100,0,18,21
100,20,6,100,0,19,38
100,20,6,100,0,20,33
100,20,6,100,0,21,21
100,20,6,100,0,22,50
100,20,6,100,0,23,29
100,20,6,100,0,24,21
100,20,6,100,0,25,43
100,20,6,100,0,26,35
100,20,6,100,0,27,53
100,20,6,100,0,28,34
100,20,6,100,0,29,44
100,20,6,100,0,30,39
100,20,6,100,0,31,22
100,20,6,100,0,32,32
100,20,6,100,0,33,32
100,20,6,100,0,34,26
100,20,6,100,0,35,47
100,20,6,100,0,36,48
100,20,6,100,0,37,33
100,20,6,100,0,38,39
100,20,6,100,0,39,34
100,20,6,100,0,40,10
100,20,6,100,0,41,28
100,20,6,100,0,42,36
100,20,6,100,0,43,24
100,20,6,100,0,44,49
100,20,6,100,0,45,44
100,20,6,100,0,46,24
100,20,6,100,0,47,8
100,20,6,100,0,48,32
100,20,6,100,0,49,20
100,20,6,100,0,50,38
40,40,6,100,0,1,30
40,40,6,100,0,2,40
40,40,6,100,0,3,37.5
40,40,6,100,0,4,47.5
40,40,6,100,0,5,50
40,40,6,100,0,6,47.5
40,40,6,100,0,7,45
40,40,6,100,0,8,22.5
40,40,6,100,0,9,15
40,40,6,100,0,10,32.5
40,40,6,100,0,11,50
40,40,6,100,0,12,40
40,40,6,100,0,13,37.5
40,40,6,100,0,14,27.5
40,40,6,100,0,15,50
40,40,6,100,0,16,37.5
40,40,6,100,0,17,50
40,40,6,100,0,18,32.5
40,40,6,100,0,19,40
40,40,6,100,0,20,40
40,40,6,100,0,21,45
40,40,6,100,0,22,35
40,40,6,100,0,23,30
40,40,6,100,0,24,45
40,40,6,100,0,25,17.5
40,40,6,100,0,26,42.5
40,40,6,100,0,27,35
40,40,6,100,0,28,47.5
40,40,6,100,0,29,47.5
40,40,6,100,0,30,52.5
40,40,6,100,0,31,30
40,40,6,100,0,32,42.5
40,40,6,100,0,33,52.5
40,40,6,100,0,34,25
40,40,6,100,0,35,40
40,40,6,100,0,36,45
40,40,6,100,0,37,12.5
40,40,6,100,0,38,40
40,40,6,100,0,39,42.5
40,40,6,100,0,40,40
40,40,6,100,0,41,22.5
40,40,6,100,0,42,45
40,40,6,100,0,43,42.5
40,40,6,100,0,44,42.5
40,40,6,100,0,45,22.5
40,40,6,100,0,46,52.5
40,40,6,100,0,47,30
40,40,6,100,0,48,35
40,40,6,100,0,49,42.5
40,40,6,100,0,50,30
100,40,6,100,0,1,22
100,40,6,100,0,2,24
100,40,6,100,0,3,23
100,40,6,100,0,4,18
100,40,6,100,0,5,29
100,40,6,100,0,6,40
100,40,6,100,0,7,29
100,40,6,100,0,8,29
100,40,6,100,0,9,32
100,40,6,100,0,10,36
100,40,6,100,0,11,22
100,40,6,100,0,12,10
100,40,6,100,0,13,41
100,40,6,100,0,14,14
100,40,6,100,0,15,28
100,40,6,100,0,16,22
100,40,6,100,0,17,24
100,40,6,100,0,18,17
100,40,6,100,0,19,25
100,40,6,100,0,20,17
100,40,6,100,0,21,12
100,40,6,100,0,22,12
100,40,6,100,0,23,21
100,40,6,100,0,24,24
100,40,6,100,0,25,16
100,40,6,100,0,26,16
100,40,6,100,0,27,24
100,40,6,100,0,28,24
100,40,6,100,0,29,25
100,40,6,100,0,30,16
100,40,6,100,0,31,20
100,40,6,100,0,32,38
100,40,6,100,0,33,34
100,40,6,100,0,34,31
100,40,6,100,0,35,26
100,40,6,100,0,36,20
100,40,6,100,0,37,29
100,40,6,100,0,38,14
100,40,6,100,0,39,22
100,40,6,100,0,40,33
100,40,6,100,0,41,9
100,40,6,100,0,42,42
100,40,6,100,0,43,11
100,40,6,100,0,44,19
100,40,6,100,0,45,18
100,40,6,100,0,46,19
100,40,6,100,0,47,42
100,40,6,100,0,48,40
100,40,6,100,0,49,22
100,40,6,100,0,50,20
40,20,1,0,1,1,0
40,20,1,0,1,2,0
40,20,1,0,1,3,0
40,20,1,0,1,4,0
40,20,1,0,1,5,0
40,20,1,0,1,6,0
40,20,1,0,1,7,0
40,20,1,0,1,8,0
40,20,1,0,1,9,0
40,20,1,0,1,10,0
40,20,1,0,1,11,0
40,20,1,0,1,12,0
40,20,1,0,1,13,0
40,20,1,0,1,14,0
40,20,1,0,1,15,0
40,20,1,0,1,16,0
40,20,1,0,1,17,0
40,20,1,0,1,18,0
40,20,1,0,1,19,0
40,20,1,0,1,20,0
40,20,1,0,1,21,0
40,20,1,0,1,22,0
40,20,1,0,1,23,0
40,20,1,0,1,24,0
40,20,1,0,1,25,0
40,20,1,0,1,26,0
40,20,1,0,1,27,0
40,20,1,0,1,28,0
40,20,1,0,1,29,0
40,20,1,0,1,30,0
40,20,1,0,1,31,0
40,20,1,0,1,32,0
40,20,1,0,1,33,0
40,20,1,0,1,34,0
40,20,1,0,1,35,0
40,20,1,0,1,36,0
40,20,1,0,1,37,0
40,20,1,0,1,38,0
40,20,1,0,1,39,0
40,20,1,0,1,40,0
40,20,1,0,1,41,0
40,20,1,0,1,42,0
40,20,1,0,1,43,0
40,20,1,0,1,44,0
40,20,1,0,1,45,0
40,20,1,0,1,46,0
40,20,1,0,1,47,0
40,20,1,0,1,48,0
40,20,1,0,1,49,0
40,20,1,0,1,50,0
100,20,1,0,1,1,0
100,20,1,0,1,2,0
100,20,1,0,1,3,0
100,20,1,0,1,4,0
100,20,1,0,1,5,0
100,20,1,0,1,6,0
100,20,1,0,1,7,0
100,20,1,0,1,8,0
100,20,1,0,1,9,0
100,20,1,0,1,10,0
100,20,1,0,1,11,0
100,20,1,0,1,12,0
100,20,1,0,1,13,0
100,20,1,0,1,14,0
100,20,1,0,1,15,0
100,20,1,0,1,16,0
100,20,1,0,1,17,0
100,20,1,0,1,18,0
100,20,1,0,1,19,0
100,20,1,0,1,20,0
100,20,1,0,1,21,0
100,20,1,0,1,22,0
100,20,1,0,1,23,0
100,20,1,0,1,24,0
100,20,1,0,1,25,0
100,20,1,0,1,26,0
100,20,1,0,1,27,0
100,20,1,0,1,28,0
100,20,1,0,1,29,0
100,20,1,0,1,30,0
100,20,1,0,1,31,0
100,20,1,0,1,32,0
100,20,1,0,1,33,0
100,20,1,0,1,34,0
100,20,1,0,1,35,0
100,20,1,0,1,36,0
100,20,1,0,1,37,0
100,20,1,0,1,38,0
100,20,1,0,1,39,0
100,20,1,0,1,40,0
100,20,1,0,1,41,0
100,20,1,0,1,42,0
100,20,1,0,1,43,0
100,20,1,0,1,44,0
100,20,1,0,1,45,0
100,20,1,0,1,46,0
100,20,1,0,1,47,0
100,20,1,0,1,48,0
100,20,1,0,1,49,0
100,20,1,0,1,50,0
40,40,1,0,1,1,0
40,40,1,0,1,2,0
40,40,1,0,1,3,0
40,40,1,0,1,4,0
40,40,1,0,1,5,0
40,40,1,0,1,6,0
40,40,1,0,1,7,0
40,40,1,0,1,8,0
40,40,1,0,1,9,0
40,40,1,0,1,10,0
40,40,1,0,1,11,0
40,40,1,0,1,12,0
40,40,1,0,1,13,0
40,40,1,0,1,14,0
40,40,1,0,1,15,0
40,40,1,0,1,16,0
40,40,1,0,1,17,0
40,40,1,0,1,18,0
40,40,1,0,1,19,0
40,40,1,0,1,20,0
40,40,1,0,1,21,0
40,40,1,0,1,22,0
40,40,1,0,1,23,0
40,40,1,0,1,24,0
40,40,1,0,1,25,0
40,40,1,0,1,26,0
40,40,1,0,1,27,0
40,40,1,0,1,28,0
40,40,1,0,1,29,0
40,40,1,0,1,30,0
40,40,1,0,1,31,0
40,40,1,0,1,32,0
40,40,1,0,1,33,0
40,40,1,0,1,34,0
40,40,1,0,1,35,0
40,40,1,0,1,36,0
40,40,1,0,1,37,0
40,40,1,0,1,38,0
40,40,1,0,1,39,0
40,40,1,0,1,40,0
40,40,1,0,1,41,0
40,40,1,0,1,42,0
40,40,1,0,1,43,0
40,40,1,0,1,44,0
40,40,1,0,1,45,0
40,40,1,0,1,46,0
40,40,1,0,1,47,0
40,40,1,0,1,48,0
40,40,1,0,1,49,0
40,40,1,0,1,50,0
100,40,1,0,1,1,0
100,40,1,0,1,2,0
100,40,1,0,1,3,0
100,40,1,0,1,4,0
100,40,1,0,1,5,0
100,40,1,0,1,6,0
100,40,1,0,1,7,0
100,40,1,0,1,8,0
100,40,1,0,1,9,0
100,40,1,0,1,10,0
100,40,1,0,1,11,0
100,40,1,0,1,12,0
100,40,1,0,1,13,0
100,40,1,0,1,14,0
100,40,1,0,1,15,0
100,40,1,0,1,16,0
100,40,1,0,1,17,0
100,40,1,0,1,18,0
100,40,1,0,1,19,0
100,40,1,0,1,20,0
100,40,1,0,1,21,0
100,40,1,0,1,22,0
100,40,1,0,1,23,0
100,40,1,0,1,24,0
100,40,1,0,1,25,0
100,40,1,0,1,26,0
100,40,1,0,1,27,0
100,40,1,0,1,28,0
100,40,1,0,1,29,0
100,40,1,0,1,30,0
100,40,1,0,1,31,0
100,40,1,0,1,32,0
100,40,1,0,1,33,0
100,40,1,0,1,34,0
100,40,1,0,1,35,0
100,40,1,0,1,36,0
100,40,1,0,1,37,0
100,40,1,0,1,38,0
100,40,1,0,1,39,0
100,40,1,0,1,40,0
100,40,1,0,1,41,0
100,40,1,0,1,42,0
100,40,1,0,1,43,0
100,40,1,0,1,44,0
100,40,1,0,1,45,0
100,40,1,0,1,46,0
100,40,1,0,1,47,0
100,40,1,0,1,48,0
100,40,1,0,1,49,0
100,40,1,0,1,50,0
40,20,2,0,1,1,5
40,20,2,0,1,2,0
40,20,2,0,1,3,0
40,20,2,0,1,4,2.5
40,20,2,0,1,5,0
40,20,2,0,1,6,5
40,20,2,0,1,7,0
40,20,2,0,1,8,5
40,20,2,0,1,9,0
40,20,2,0,1,10,2.5
40,20,2,0,1,11,5
40,20,2,0,1,12,0
40,20,2,0,1,13,2.5
40,20,2,0,1,14,2.5
40,20,2,0,1,15,2.5
40,20,2,0,1,16,0
40,20,2,0,1,17,0
40,20,2,0,1,18,0
40,20,2,0,1,19,0
40,20,2,0,1,20,2.5
40,20,2,0,1,21,0
40,20,2,0,1,22,0
40,20,2,0,1,23,0
40,20,2,0,1,24,0
40,20,2,0,1,25,2.5
40,20,2,0,1,26,0
40,20,2,0,1,27,0
40,20,2,0,1,28,2.5
40,20,2,0,1,29,0
40,20,2,0,1,30,0
40,20,2,0,1,31,0
40,20,2,0,1,32,0
40,20,2,0,1,33,0
40,20,2,0,1,34,7.5
40,20,2,0,1,35,0
40,20,2,0,1,36,0
40,20,2,0,1,37,5
40,20,2,0,1,38,7.5
40,20,2,0,1,39,0
40,20,2,0,1,40,0
40,20,2,0,1,41,0
40,20,2,0,1,42,5
40,20,2,0,1,43,0
40,20,2,0,1,44,2.5
40,20,2,0,1,45,2.5
40,20,2,0,1,46,0
40,20,2,0,1,47,0
40,20,2,0,1,48,0
40,20,2,0,1,49,0
40,20,2,0,1,50,0
100,20,2,0,1,1,1
100,20,2,0,1,2,1
100,20,2,0,1,3,0
100,20,2,0,1,4,1
100,20,2,0,1,5,3
100,20,2,0,1,6,1
100,20,2,0,1,7,0
100,20,2,0,1,8,0
100,20,2,0,1,9,0
100,20,2,0,1,10,0
100,20,2,0,1,11,0
100,20,2,0,1,12,1
100,20,2,0,1,13,5
100,20,2,0,1,14,1
100,20,2,0,1,15,1
100,20,2,0,1,16,6
100,20,2,0,1,17,2
100,20,2,0,1,18,8
100,20,2,0,1,19,0
100,20,2,0,1,20,4
100,20,2,0,1,21,0
100,20,2,0,1,22,0
100,20,2,0,1,23,8
100,20,2,0,1,24,3
100,20,2,0,1,25,0
100,20,2,0,1,26,1
100,20,2,0,1,27,0
100,20,2,0,1,28,3
100,20,2,0,1,29,2
100,20,2,0,1,30,0
100,20,2,0,1,31,0
100,20,2,0,1,32,1
100,20,2,0,1,33,0
100,20,2,0,1,34,2
100,20,2,0,1,35,1
100,20,2,0,1,36,2
100,20,2,0,1,37,2
100,20,2,0,1,38,1
100,20,2,0,1,39,0
100,20,2,0,1,40,2
100,20,2,0,1,41,5
100,20,2,0,1,42,1
100,20,2,0,1,43,0
100,20,2,0,1,44,0
100,20,2,0,1,45,0
100,20,2,0,1,46,0
100,20,2,0,1,47,2
100,20,2,0,1,48,1
100,20,2,0,1,49,1
100,20,2,0,1,50,3
40,40,2,0,1,1,0
40,40,2,0,1,2,0
40,40,2,0,1,3,0
40,40,2,0,1,4,0
40,40,2,0,1,5,0
40,40,2,0,1,6,0
40,40,2,0,1,7,0
40,40,2,0,1,8,0
40,40,2,0,1,9,0
40,40,2,0,1,10,0
40,40,2,0,1,11,0
40,40,2,0,1,12,0
40,40,2,0,1,13,2.5
40,40,2,0,1,14,0
40,40,2,0,1,15,0
40,40,2,0,1,16,7.5
40,40,2,0,1,17,0
40,40,2,0,1,18,0
40,40,2,0,1,19,0
40,40,2,0,1,20,0
40,40,2,0,1,21,0
40,40,2,0,1,22,0
40,40,2,0,1,23,0
40,40,2,0,1,24,0
40,40,2,0,1,25,2.5
40,40,2,0,1,26,0
40,40,2,0,1,27,0
40,40,2,0,1,28,0
40,40,2,0,1,29,0
40,40,2,0,1,30,2.5
40,40,2,0,1,31,7.5
40,40,2,0,1,32,5
40,40,2,0,1,33,2.5
40,40,2,0,1,34,0
40,40,2,0,1,35,0
40,40,2,0,1,36,0
40,40,2,0,1,37,5
40,40,2,0,1,38,0
40,40,2,0,1,39,0
40,40,2,0,1,40,0
40,40,2,0,1,41,0
40,40,2,0,1,42,0
40,40,2,0,1,43,5
40,40,2,0,1,44,0
40,40,2,0,1,45,2.5
40,40,2,0,1,46,0
40,40,2,0,1,47,0
40,40,2,0,1,48,0
40,40,2,0,1,49,0
40,40,2,0,1,50,0
100,40,2,0,1,1,1
100,40,2,0,1,2,3
100,40,2,0,1,3,0
100,40,2,0,1,4,0
100,40,2,0,1,5,1
100,40,2,0,1,6,0
100,40,2,0,1,7,0
100,40,2,0,1,8,0
100,40,2,0,1,9,1
100,40,2,0,1,10,1
100,40,2,0,1,11,2
100,40,2,0,1,12,0
100,40,2,0,1,13,1
100,40,2,0,1,14,2
100,40,2,0,1,15,0
100,40,2,0,1,16,1
100,40,2,0,1,17,1
100,40,2,0,1,18,0
100,40,2,0,1,19,2
100,40,2,0,1,20,0
100,40,2,0,1,21,0
100,40,2,0,1,22,3
100,40,2,0,1,23,1
100,40,2,0,1,24,0
100,40,2,0,1,25,0
100,40,2,0,1,26,0
100,40,2,0,1,27,0
100,40,2,0,1,28,1
100,40,2,0,1,29,0
100,40,2,0,1,30,10
100,40,2,0,1,31,0
100,40,2,0,1,32,1
100,40,2,0,1,33,0
100,40,2,0,1,34,0
100,40,2,0,1,35,2
100,40,2,0,1,36,0
100,40,2,0,1,37,0
100,40,2,0,1,38,0
100,40,2,0,1,39,0
100,40,2,0,1,40,0
100,40,2,0,1,41,0
100,40,2,0,1,42,0
100,40,2,0,1,43,0
100,40,2,0,1,44,2
100,40,2,0,1,45,0
100,40,2,0,1,46,0
100,40,2,0,1,47,0
100,40,2,0,1,48,1
100,40,2,0,1,49,1
100,40,2,0,1,50,1
40,20,3,0,1,1,5
40,20,3,0,1,2,2.5
40,20,3,0,1,3,10
40,20,3,0,1,4,2.5
40,20,3,0,1,5,10
40,20,3,0,1,6,2.5
40,20,3,0,1,7,5
40,20,3,0,1,8,0
40,20,3,0,1,9,0
40,20,3,0,1,10,2.5
40,20,3,0,1,11,0
40,20,3,0,1,12,5
40,20,3,0,1,13,2.5
40,20,3,0,1,14,10
40,20,3,0,1,15,2.5
40,20,3,0,1,16,12.5
40,20,3,0,1,17,2.5
40,20,3,0,1,18,0
40,20,3,0,1,19,0
40,20,3,0,1,20,7.5
40,20,3,0,1,21,5
40,20,3,0,1,22,5
40,20,3,0,1,23,5
40,20,3,0,1,24,7.5
40,20,3,0,1,25,2.5
40,20,3,0,1,26,2.5
40,20,3,0,1,27,0
40,20,3,0,1,28,0
40,20,3,0,1,29,2.5
40,20,3,0,1,30,0
40,20,3,0,1,31,5
40,20,3,0,1,32,5
40,20,3,0,1,33,0
40,20,3,0,1,34,2.5
40,20,3,0,1,35,2.5
40,20,3,0,1,36,2.5
40,20,3,0,1,37,0
40,20,3,0,1,38,0
40,20,3,0,1,39,5
40,20,3,0,1,40,15
40,20,3,0,1,41,0
40,20,3,0,1,42,2.5
40,20,3,0,1,43,7.5
40,20,3,0,1,44,2.5
40,20,3,0,1,45,2.5
40,20,3,0,1,46,5
40,20,3,0,1,47,0
40,20,3,0,1,48,2.5
40,20,3,0,1,49,5
40,20,3,0,1,50,15
100,20,3,0,1,1,3
100,20,3,0,1,2,5
100,20,3,0,1,3,1
100,20,3,0,1,4,4
100,20,3,0,1,5,2
100,20,3,0,1,6,4
100,20,3,0,1,7,7
100,20,3,0,1,8,2
100,20,3,0,1,9,5
100,20,3,0,1,10,4
100,20,3,0,1,11,3
100,20,3,0,1,12,2
100,20,3,0,1,13,2
100,20,3,0,1,14,4
100,20,3,0,1,15,2
100,20,3,0,1,16,4
100,20,3,0,1,17,1
100,20,3,0,1,18,4
100,20,3,0,1,19,3
100,20,3,0,1,20,3
100,20,3,0,1,21,2
100,20,3,0,1,22,5
100,20,3,0,1,23,1
100,20,3,0,1,24,3
100,20,3,0,1,25,9
100,20,3,0,1,26,8
100,20,3,0,1,27,11
100,20,3,0,1,28,2
100,20,3,0,1,29,1
100,20,3,0,1,30,0
100,20,3,0,1,31,3
100,20,3,0,1,32,1
100,20,3,0,1,33,1
100,20,3,0,1,34,5
100,20,3,0,1,35,2
100,20,3,0,1,36,2
100,20,3,0,1,37,4
100,20,3,0,1,38,2
100,20,3,0,1,39,5
100,20,3,0,1,40,4
100,20,3,0,1,41,2
100,20,3,0,1,42,0
100,20,3,0,1,43,3
100,20,3,0,1,44,2
100,20,3,0,1,45,2
100,20,3,0,1,46,2
100,20,3,0,1,47,2
100,20,3,0,1,48,1
100,20,3,0,1,49,1
100,20,3,0,1,50,0
40,40,3,0,1,1,2.5
40,40,3,0,1,2,7.5
40,40,3,0,1,3,0
40,40,3,0,1,4,10
40,40,3,0,1,5,0
40,40,3,0,1,6,0
40,40,3,0,1,7,5
40,40,3,0,1,8,2.5
40,40,3,0,1,9,0
40,40,3,0,1,10,12.5
40,40,3,0,1,11,0
40,40,3,0,1,12,0
40,40,3,0,1,13,0
40,40,3,0,1,14,0
40,40,3,0,1,15,2.5
40,40,3,0,1,16,0
40,40,3,0,1,17,0
40,40,3,0,1,18,2.5
40,40,3,0,1,19,0
40,40,3,0,1,20,0
40,40,3,0,1,21,2.5
40,40,3,0,1,22,2.5
40,40,3,0,1,23,7.5
40,40,3,0,1,24,0
40,40,3,0,1,25,0
40,40,3,0,1,26,5
40,40,3,0,1,27,0
40,40,3,0,1,28,2.5
40,40,3,0,1,29,0
40,40,3,0,1,30,0
40,40,3,0,1,31,0
40,40,3,0,1,32,0
40,40,3,0,1,33,0
40,40,3,0,1,34,0
40,40,3,0,1,35,2.5
40,40,3,0,1,36,0
40,40,3,0,1,37,0
40,40,3,0,1,38,0
40,40,3,0,1,39,0
40,40,3,0,1,40,5
40,40,3,0,1,41,0
40,40,3,0,1,42,7.5
40,40,3,0,1,43,0
40,40,3,0,1,44,2.5
40,40,3,0,1,45,7.5
40,40,3,0,1,46,2.5
40,40,3,0,1,47,2.5
40,40,3,0,1,48,2.5
40,40,3,0,1,49,0
40,40,3,0,1,50,7.5
100,40,3,0,1,1,4
100,40,3,0,1,2,5
100,40,3,0,1,3,0
100,40,3,0,1,4,0
100,40,3,0,1,5,1
100,40,3,0,1,6,3
100,40,3,0,1,7,2
100,40,3,0,1,8,1
100,40,3,0,1,9,0
100,40,3,0,1,10,2
100,40,3,0,1,11,0
100,40,3,0,1,12,0
100,40,3,0,1,13,2
100,40,3,0,1,14,0
100,40,3,0,1,15,2
100,40,3,0,1,16,0
100,40,3,0,1,17,2
100,40,3,0,1,18,0
100,40,3,0,1,19,3
100,40,3,0,1,20,1
100,40,3,0,1,21,0
100,40,3,0,1,22,1
100,40,3,0,1,23,1
100,40,3,0,1,24,4
100,40,3,0,1,25,0
100,40,3,0,1,26,0
100,40,3,0,1,27,2
100,40,3,0,1,28,1
100,40,3,0,1,29,2
100,40,3,0,1,30,3
100,40,3,0,1,31,1
100,40,3,0,1,32,1
100,40,3,0,1,33,0
100,40,3,0,1,34,0
100,40,3,0,1,35,0
100,40,3,0,1,36,1
100,40,3,0,1,37,1
100,40,3,0,1,38,2
100,40,3,0,1,39,6
100,40,3,0,1,40,2
100,40,3,0,1,41,1
100,40,3,0,1,42,1
100,40,3,0,1,43,0
100,40,3,0,1,44,0
100,40,3,0,1,45,1
100,40,3,0,1,46,0
100,40,3,0,1,47,2
100,40,3,0,1,48,0
100,40,3,0,1,49,1
100,40,3,0,1,50,0
40,20,4,0,1,1,7.5
40,20,4,0,1,2,2.5
40,20,4,0,1,3,2.5
40,20,4,0,1,4,10
40,20,4,0,1,5,0
40,20,4,0,1,6,15
40,20,4,0,1,7,2.5
40,20,4,0,1,8,2.5
40,20,4,0,1,9,2.5
40,20,4,0,1,10,10
40,20,4,0,1,11,7.5
40,20,4,0,1,12,5
40,20,4,0,1,13,5
40,20,4,0,1,14,20
40,20,4,0,1,15,5
40,20,4,0,1,16,2.5
40,20,4,0,1,17,15
40,20,4,0,1,18,7.5
40,20,4,0,1,19,17.5
40,20,4,0,1,20,7.5
40,20,4,0,1,21,0
40,20,4,0,1,22,2.5
40,20,4,0,1,23,2.5
40,20,4,0,1,24,2.5
40,20,4,0,1,25,0
40,20,4,0,1,26,0
40,20,4,0,1,27,7.5
40,20,4,0,1,28,5
40,20,4,0,1,29,7.5
40,20,4,0,1,30,7.5
40,20,4,0,1,31,5
40,20,4,0,1,32,2.5
40,20,4,0,1,33,7.5
40,20,4,0,1,34,12.5
40,20,4,0,1,35,7.5
40,20,4,0,1,36,12.5
40,20,4,0,1,37,5
40,20,4,0,1,38,0
40,20,4,0,1,39,5
40,20,4,0,1,40,2.5
40,20,4,0,1,41,10
40,20,4,0,1,42,0
40,20,4,0,1,43,10
40,20,4,0,1,44,17.5
40,20,4,0,1,45,2.5
40,20,4,0,1,46,5
40,20,4,0,1,47,2.5
40,20,4,0,1,48,12.5
40,20,4,0,1,49,2.5
40,20,4,0,1,50,0
100,20,4,0,1,1,4
100,20,4,0,1,2,6
100,20,4,0,1,3,3
100,20,4,0,1,4,3
100,20,4,0,1,5,2
100,20,4,0,1,6,2
100,20,4,0,1,7,4
100,20,4,0,1,8,4
100,20,4,0,1,9,6
100,20,4,0,1,10,1
100,20,4,0,1,11,9
100,20,4,0,1,12,9
100,20,4,0,1,13,3
100,20,4,0,1,14,3
100,20,4,0,1,15,7
100,20,4,0,1,16,2
100,20,4,0,1,17,5
100,20,4,0,1,18,2
100,20,4,0,1,19,4
100,20,4,0,1,20,10
100,20,4,0,1,21,6
100,20,4,0,1,22,4
100,20,4,0,1,23,3
100,20,4,0,1,24,9
100,20,4,0,1,25,3
100,20,4,0,1,26,5
100,20,4,0,1,27,1
100,20,4,0,1,28,2
100,20,4,0,1,29,1
100,20,4,0,1,30,1
100,20,4,0,1,31,5
100,20,4,0,1,32,8
100,20,4,0,1,33,3
100,20,4,0,1,34,6
100,20,4,0,1,35,5
100,20,4,0,1,36,5
100,20,4,0,1,37,6
100,20,4,0,1,38,3
100,20,4,0,1,39,3
100,20,4,0,1,40,3
100,20,4,0,1,41,4
100,20,4,0,1,42,4
100,20,4,0,1,43,3
100,20,4,0,1,44,5
100,20,4,0,1,45,3
100,20,4,0,1,46,1
100,20,4,0,1,47,2
100,20,4,0,1,48,8
100,20,4,0,1,49,4
100,20,4,0,1,50,4
40,40,4,0,1,1,2.5
40,40,4,0,1,2,5
40,40,4,0,1,3,5
40,40,4,0,1,4,17.5
40,40,4,0,1,5,5
40,40,4,0,1,6,2.5
40,40,4,0,1,7,2.5
40,40,4,0,1,8,7.5
40,40,4,0,1,9,5
40,40,4,0,1,10,5
40,40,4,0,1,11,7.5
40,40,4,0,1,12,7.5
40,40,4,0,1,13,0
40,40,4,0,1,14,0
40,40,4,0,1,15,2.5
40,40,4,0,1,16,5
40,40,4,0,1,17,10
40,40,4,0,1,18,12.5
40,40,4,0,1,19,5
40,40,4,0,1,20,10
40,40,4,0,1,21,7.5
40,40,4,0,1,22,0
40,40,4,0,1,23,5
40,40,4,0,1,24,2.5
40,40,4,0,1,25,2.5
40,40,4,0,1,26,5
40,40,4,0,1,27,0
40,40,4,0,1,28,2.5
40,40,4,0,1,29,0
40,40,4,0,1,30,5
40,40,4,0,1,31,2.5
40,40,4,0,1,32,0
40,40,4,0,1,33,7.5
40,40,4,0,1,34,10
40,40,4,0,1,35,5
40,40,4,0,1,36,10
40,40,4,0,1,37,5
40,40,4,0,1,38,10
40,40,4,0,1,39,5
40,40,4,0,1,40,7.5
40,40,4,0,1,41,7.5
40,40,4,0,1,42,5
40,40,4,0,1,43,0
40,40,4,0,1,44,5
40,40,4,0,1,45,0
40,40,4,0,1,46,2.5
40,40,4,0,1,47,2.5
40,40,4,0,1,48,5
40,40,4,0,1,49,10
40,40,4,0,1,50,12.5
100,40,4,0,1,1,8
100,40,4,0,1,2,1
100,40,4,0,1,3,4
100,40,4,0,1,4,1
100,40,4,0,1,5,0
100,40,4,0,1,6,6
100,40,4,0,1,7,2
100,40,4,0,1,8,4
100,40,4,0,1,9,1
100,40,4,0,1,10,2
100,40,4,0,1,11,4
100,40,4,0,1,12,5
100,40,4,0,1,13,3
100,40,4,0,1,14,7
100,40,4,0,1,15,2
100,40,4,0,1,16,1
100,40,4,0,1,17,2
100,40,4,0,1,18,7
100,40,4,0,1,19,3
100,40,4,0,1,20,1
100,40,4,0,1,21,5
100,40,4,0,1,22,4
100,40,4,0,1,23,6
100,40,4,0,1,24,0
100,40,4,0,1,25,2
100,40,4,0,1,26,4
100,40,4,0,1,27,0
100,40,4,0,1,28,1
100,40,4,0,1,29,3
100,40,4,0,1,30,1
100,40,4,0,1,31,1
100,40,4,0,1,32,1
100,40,4,0,1,33,1
100,40,4,0,1,34,4
100,40,4,0,1,35,1
100,40,4,0,1,36,4
100,40,4,0,1,37,1
100,40,4,0,1,38,2
100,40,4,0,1,39,1
100,40,4,0,1,40,0
100,40,4,0,1,41,2
100,40,4,0,1,42,1
100,40,4,0,1,43,3
100,40,4,0,1,44,5
100,40,4,0,1,45,3
100,40,4,0,1,46,4
100,40,4,0,1,47,1
100,40,4,0,1,48,0
100,40,4,0,1,49,1
100,40,4,0,1,50,1
40,20,5,0,1,1,12.5
40,20,5,0,1,2,5
40,20,5,0,1,3,20
40,20,5,0,1,4,10
40,20,5,0,1,5,2.5
40,20,5,0,1,6,7.5
40,20,5,0,1,7,2.5
40,20,5,0,1,8,12.5
40,20,5,0,1,9,15
40,20,5,0,1,10,7.5
40,20,5,0,1,11,7.5
40,20,5,0,1,12,2.5
40,20,5,0,1,13,2.5
40,20,5,0,1,14,15
40,20,5,0,1,15,15
40,20,5,0,1,16,12.5
40,20,5,0,1,17,12.5
40,20,5,0,1,18,5
40,20,5,0,1,19,17.5
40,20,5,0,1,20,7.5
40,20,5,0,1,21,2.5
40,20,5,0,1,22,7.5
40,20,5,0,1,23,35
40,20,5,0,1,24,2.5
40,20,5,0,1,25,5
40,20,5,0,1,26,10
40,20,5,0,1,27,10
40,20,5,0,1,28,10
40,20,5,0,1,29,12.5
40,20,5,0,1,30,12.5
40,20,5,0,1,31,15
40,20,5,0,1,32,5
40,20,5,0,1,33,5
40,20,5,0,1,34,5
40,20,5,0,1,35,17.5
40,20,5,0,1,36,17.5
40,20,5,0,1,37,0
40,20,5,0,1,38,10
40,20,5,0,1,39,7.5
40,20,5,0,1,40,5
40,20,5,0,1,41,5
40,20,5,0,1,42,0
40,20,5,0,1,43,15
40,20,5,0,1,44,7.5
40,20,5,0,1,45,7.5
40,20,5,0,1,46,7.5
40,20,5,0,1,47,10
40,20,5,0,1,48,0
40,20,5,0,1,49,7.5
40,20,5,0,1,50,10
100,20,5,0,1,1,7
100,20,5,0,1,2,4
100,20,5,0,1,3,11
100,20,5,0,1,4,3
100,20,5,0,1,5,20
100,20,5,0,1,6,11
100,20,5,0,1,7,22
100,20,5,0,1,8,8
100,20,5,0,1,9,10
100,20,5,0,1,10,2
100,20,5,0,1,11,2
100,20,5,0,1,12,5
100,20,5,0,1,13,5
100,20,5,0,1,14,1
100,20,5,0,1,15,9
100,20,5,0,1,16,3
100,20,5,0,1,17,5
100,20,5,0,1,18,6
100,20,5,0,1,19,8
100,20,5,0,1,20,8
100,20,5,0,1,21,7
100,20,5,0,1,22,4
100,20,5,0,1,23,26
100,20,5,0,1,24,28
100,20,5,0,1,25,8
100,20,5,0,1,26,7
100,20,5,0,1,27,15
100,20,5,0,1,28,15
100,20,5,0,1,29,7
100,20,5,0,1,30,6
100,20,5,0,1,31,7
100,20,5,0,1,32,3
100,20,5,0,1,33,10
100,20,5,0,1,34,6
100,20,5,0,1,35,9
100,20,5,0,1,36,4
100,20,5,0,1,37,4
100,20,5,0,1,38,2
100,20,5,0,1,39,5
100,20,5,0,1,40,6
100,20,5,0,1,41,3
100,20,5,0,1,42,21
100,20,5,0,1,43,7
100,20,5,0,1,44,5
100,20,5,0,1,45,4
100,20,5,0,1,46,3
100,20,5,0,1,47,7
100,20,5,0,1,48,9
100,20,5,0,1,49,7
100,20,5,0,1,50,4
40,40,5,0,1,1,0
40,40,5,0,1,2,5
40,40,5,0,1,3,0
40,40,5,0,1,4,2.5
40,40,5,0,1,5,2.5
40,40,5,0,1,6,5
40,40,5,0,1,7,5
40,40,5,0,1,8,10
40,40,5,0,1,9,10
40,40,5,0,1,10,2.5
40,40,5,0,1,11,2.5
40,40,5,0,1,12,5
40,40,5,0,1,13,7.5
40,40,5,0,1,14,2.5
40,40,5,0,1,15,12.5
40,40,5,0,1,16,10
40,40,5,0,1,17,10
40,40,5,0,1,18,0
40,40,5,0,1,19,12.5
40,40,5,0,1,20,5
40,40,5,0,1,21,5
40,40,5,0,1,22,7.5
40,40,5,0,1,23,5
40,40,5,0,1,24,0
40,40,5,0,1,25,2.5
40,40,5,0,1,26,15
40,40,5,0,1,27,10
40,40,5,0,1,28,5
40,40,5,0,1,29,0
40,40,5,0,1,30,0
40,40,5,0,1,31,5
40,40,5,0,1,32,7.5
40,40,5,0,1,33,2.5
40,40,5,0,1,34,5
40,40,5,0,1,35,0
40,40,5,0,1,36,10
40,40,5,0,1,37,7.5
40,40,5,0,1,38,2.5
40,40,5,0,1,39,10
40,40,5,0,1,40,7.5
40,40,5,0,1,41,5
40,40,5,0,1,42,5
40,40,5,0,1,43,2.5
40,40,5,0,1,44,2.5
40,40,5,0,1,45,10
40,40,5,0,1,46,2.5
40,40,5,0,1,47,5
40,40,5,0,1,48,10
40,40,5,0,1,49,10
40,40,5,0,1,50,5
100,40,5,0,1,1,6
100,40,5,0,1,2,6
100,40,5,0,1,3,4
100,40,5,0,1,4,6
100,40,5,0,1,5,4
100,40,5,0,1,6,2
100,40,5,0,1,7,7
100,40,5,0,1,8,0
100,40,5,0,1,9,2
100,40,5,0,1,10,5
100,40,5,0,1,11,3
100,40,5,0,1,12,6
100,40,5,0,1,13,1
100,40,5,0,1,14,4
100,40,5,0,1,15,3
100,40,5,0,1,16,2
100,40,5,0,1,17,1
100,40,5,0,1,18,2
100,40,5,0,1,19,2
100,40,5,0,1,20,1
100,40,5,0,1,21,3
100,40,5,0,1,22,1
100,40,5,0,1,23,8
100,40,5,0,1,24,3
100,40,5,0,1,25,2
100,40,5,0,1,26,2
100,40,5,0,1,27,2
100,40,5,0,1,28,4
100,40,5,0,1,29,5
100,40,5,0,1,30,5
100,40,5,0,1,31,5
100,40,5,0,1,32,3
100,40,5,0,1,33,4
100,40,5,0,1,34,10
100,40,5,0,1,35,3
100,40,5,0,1,36,5
100,40,5,0,1,37,4
100,40,5,0,1,38,3
100,40,5,0,1,39,2
100,40,5,0,1,40,6
100,40,5,0,1,41,9
100,40,5,0,1,42,3
100,40,5,0,1,43,4
100,40,5,0,1,44,1
100,40,5,0,1,45,3
100,40,5,0,1,46,4
100,40,5,0,1,47,2
100,40,5,0,1,48,2
100,40,5,0,1,49,1
100,40,5,0,1,50,0
40,20,6,0,1,1,5
40,20,6,0,1,2,22.5
40,20,6,0,1,3,10
40,20,6,0,1,4,17.5
40,20,6,0,1,5,10
40,20,6,0,1,6,12.5
40,20,6,0,1,7,15
40,20,6,0,1,8,12.5
40,20,6,0,1,9,5
40,20,6,0,1,10,12.5
40,20,6,0,1,11,10
40,20,6,0,1,12,22.5
40,20,6,0,1,13,20
40,20,6,0,1,14,22.5
40,20,6,0,1,15,2.5
40,20,6,0,1,16,12.5
40,20,6,0,1,17,7.5
40,20,6,0,1,18,2.5
40,20,6,0,1,19,15
40,20,6,0,1,20,7.5
40,20,6,0,1,21,25
40,20,6,0,1,22,15
40,20,6,0,1,23,12.5
40,20,6,0,1,24,10
40,20,6,0,1,25,12.5
40,20,6,0,1,26,10
40,20,6,0,1,27,7.5
40,20,6,0,1,28,10
40,20,6,0,1,29,15
40,20,6,0,1,30,15
40,20,6,0,1,31,15
40,20,6,0,1,32,15
40,20,6,0,1,33,10
40,20,6,0,1,34,5
40,20,6,0,1,35,10
40,20,6,0,1,36,20
40,20,6,0,1,37,17.5
40,20,6,0,1,38,2.5
40,20,6,0,1,39,7.5
40,20,6,0,1,40,12.5
40,20,6,0,1,41,2.5
40,20,6,0,1,42,22.5
40,20,6,0,1,43,7.5
40,20,6,0,1,44,2.5
40,20,6,0,1,45,35
40,20,6,0,1,46,2.5
40,20,6,0,1,47,5
40,20,6,0,1,48,22.5
40,20,6,0,1,49,10
40,20,6,0,1,50,5
100,20,6,0,1,1,10
100,20,6,0,1,2,27
100,20,6,0,1,3,11
100,20,6,0,1,4,23
100,20,6,0,1,5,13
100,20,6,0,1,6,20
100,20,6,0,1,7,10
100,20,6,0,1,8,4
100,20,6,0,1,9,9
100,20,6,0,1,10,9
100,20,6,0,1,11,18
100,20,6,0,1,12,3
100,20,6,0,1,13,8
100,20,6,0,1,14,11
100,20,6,0,1,15,5
100,20,6,0,1,16,15
100,20,6,0,1,17,7
100,20,6,0,1,18,24
100,20,6,0,1,19,20
100,20,6,0,1,20,13
100,20,6,0,1,21,10
100,20,6,0,1,22,25
100,20,6,0,1,23,7
100,20,6,0,1,24,5
100,20,6,0,1,25,7
100,20,6,0,1,26,9
100,20,6,0,1,27,8
100,20,6,0,1,28,3
100,20,6,0,1,29,22
100,20,6,0,1,30,13
100,20,6,0,1,31,8
100,20,6,0,1,32,9
100,20,6,0,1,33,13
100,20,6,0,1,34,8
100,20,6,0,1,35,7
100,20,6,0,1,36,11
100,20,6,0,1,37,10
100,20,6,0,1,38,5
100,20,6,0,1,39,11
100,20,6,0,1,40,11
100,20,6,0,1,41,2
100,20,6,0,1,42,9
100,20,6,0,1,43,7
100,20,6,0,1,44,9
100,20,6,0,1,45,11
100,20,6,0,1,46,14
100,20,6,0,1,47,7
100,20,6,0,1,48,7
100,20,6,0,1,49,8
100,20,6,0,1,50,10
40,40,6,0,1,1,5
40,40,6,0,1,2,5
40,40,6,0,1,3,10
40,40,6,0,1,4,7.5
40,40,6,0,1,5,10
40,40,6,0,1,6,10
40,40,6,0,1,7,7.5
40,40,6,0,1,8,10
40,40,6,0,1,9,7.5
40,40,6,0,1,10,12.5
40,40,6,0,1,11,2.5
40,40,6,0,1,12,12.5
40,40,6,0,1,13,2.5
40,40,6,0,1,14,5
40,40,6,0,1,15,7.5
40,40,6,0,1,16,10
40,40,6,0,1,17,17.5
40,40,6,0,1,18,5
40,40,6,0,1,19,0
40,40,6,0,1,20,10
40,40,6,0,1,21,7.5
40,40,6,0,1,22,15
40,40,6,0,1,23,7.5
40,40,6,0,1,24,2.5
40,40,6,0,1,25,12.5
40,40,6,0,1,26,7.5
40,40,6,0,1,27,17.5
40,40,6,0,1,28,12.5
40,40,6,0,1,29,5
40,40,6,0,1,30,15
40,40,6,0,1,31,12.5
40,40,6,0,1,32,7.5
40,40,6,0,1,33,2.5
40,40,6,0,1,34,2.5
40,40,6,0,1,35,5
40,40,6,0,1,36,12.5
40,40,6,0,1,37,5
40,40,6,0,1,38,20
40,40,6,0,1,39,2.5
40,40,6,0,1,40,7.5
40,40,6,0,1,41,10
40,40,6,0,1,42,5
40,40,6,0,1,43,12.5
40,40,6,0,1,44,5
40,40,6,0,1,45,5
40,40,6,0,1,46,7.5
40,40,6,0,1,47,2.5
40,40,6,0,1,48,5
40,40,6,0,1,49,15
40,40,6,0,1,50,5
100,40,6,0,1,1,1
100,40,6,0,1,2,4
100,40,6,0,1,3,3
100,40,6,0,1,4,4
100,40,6,0,1,5,5
100,40,6,0,1,6,4
100,40,6,0,1,7,4
100,40,6,0,1,8,5
100,40,6,0,1,9,8
100,40,6,0,1,10,16
100,40,6,0,1,11,2
100,40,6,0,1,12,5
100,40,6,0,1,13,2
100,40,6,0,1,14,7
100,40,6,0,1,15,4
100,40,6,0,1,16,7
100,40,6,0,1,17,10
100,40,6,0,1,18,5
100,40,6,0,1,19,4
100,40,6,0,1,20,3
100,40,6,0,1,21,4
100,40,6,0,1,22,3
100,40,6,0,1,23,9
100,40,6,0,1,24,4
100,40,6,0,1,25,6
100,40,6,0,1,26,2
100,40,6,0,1,27,6
100,40,6,0,1,28,6
100,40,6,0,1,29,3
100,40,6,0,1,30,4
100,40,6,0,1,31,2
100,40,6,0,1,32,12
100,40,6,0,1,33,1
100,40,6,0,1,34,7
100,40,6,0,1,35,8
100,40,6,0,1,36,17
100,40,6,0,1,37,2
100,40,6,0,1,38,9
100,40,6,0,1,39,5
100,40,6,0,1,40,6
100,40,6,0,1,41,6
100,40,6,0,1,42,5
100,40,6,0,1,43,1
100,40,6,0,1,44,10
100,40,6,0,1,45,1
100,40,6,0,1,46,6
100,40,6,0,1,47,26
100,40,6,0,1,48,8
100,40,6,0,1,49,6
100,40,6,0,1,50,24
40,20,1,100,1,1,0
40,20,1,100,1,2,0
40,20,1,100,1,3,0
40,20,1,100,1,4,0
40,20,1,100,1,5,0
40,20,1,100,1,6,0
40,20,1,100,1,7,0
40,20,1,100,1,8,0
40,20,1,100,1,9,0
40,20,1,100,1,10,0
40,20,1,100,1,11,0
40,20,1,100,1,12,0
40,20,1,100,1,13,0
40,20,1,100,1,14,0
40,20,1,100,1,15,0
40,20,1,100,1,16,0
40,20,1,100,1,17,0
40,20,1,100,1,18,0
40,20,1,100,1,19,0
40,20,1,100,1,20,0
40,20,1,100,1,21,0
40,20,1,100,1,22,0
40,20,1,100,1,23,0
40,20,1,100,1,24,0
40,20,1,100,1,25,0
40,20,1,100,1,26,0
40,20,1,100,1,27,0
40,20,1,100,1,28,0
40,20,1,100,1,29,0
40,20,1,100,1,30,0
40,20,1,100,1,31,0
40,20,1,100,1,32,0
40,20,1,100,1,33,0
40,20,1,100,1,34,0
40,20,1,100,1,35,0
40,20,1,100,1,36,0
40,20,1,100,1,37,0
40,20,1,100,1,38,0
40,20,1,100,1,39,0
40,20,1,100,1,40,0
40,20,1,100,1,41,0
40,20,1,100,1,42,0
40,20,1,100,1,43,0
40,20,1,100,1,44,0
40,20,1,100,1,45,0
40,20,1,100,1,46,0
40,20,1,100,1,47,0
40,20,1,100,1,48,0
40,20,1,100,1,49,0
40,20,1,100,1,50,0
100,20,1,100,1,1,0
100,20,1,100,1,2,0
100,20,1,100,1,3,0
100,20,1,100,1,4,0
100,20,1,100,1,5,0
100,20,1,100,1,6,0
100,20,1,100,1,7,0
100,20,1,100,1,8,0
100,20,1,100,1,9,0
100,20,1,100,1,10,0
100,20,1,100,1,11,0
100,20,1,100,1,12,0
100,20,1,100,1,13,0
100,20,1,100,1,14,0
100,20,1,100,1,15,0
100,20,1,100,1,16,0
100,20,1,100,1,17,0
100,20,1,100,1,18,0
100,20,1,100,1,19,0
100,20,1,100,1,20,0
100,20,1,100,1,21,0
100,20,1,100,1,22,0
100,20,1,100,1,23,0
100,20,1,100,1,24,0
100,20,1,100,1,25,0
100,20,1,100,1,26,0
100,20,1,100,1,27,0
100,20,1,100,1,28,0
100,20,1,100,1,29,0
100,20,1,100,1,30,0
100,20,1,100,1,31,0
100,20,1,100,1,32,0
100,20,1,100,1,33,0
100,20,1,100,1,34,0
100,20,1,100,1,35,0
100,20,1,100,1,36,0
100,20,1,100,1,37,0
100,20,1,100,1,38,0
100,20,1,100,1,39,0
100,20,1,100,1,40,0
100,20,1,100,1,41,0
100,20,1,100,1,42,0
100,20,1,100,1,43,0
100,20,1,100,1,44,0
100,20,1,100,1,45,0
100,20,1,100,1,46,0
100,20,1,100,1,47,0
100,20,1,100,1,48,0
100,20,1,100,1,49,0
100,20,1,100,1,50,0
40,40,1,100,1,1,0
40,40,1,100,1,2,0
40,40,1,100,1,3,0
40,40,1,100,1,4,0
40,40,1,100,1,5,0
40,40,1,100,1,6,0
40,40,1,100,1,7,0
40,40,1,100,1,8,0
40,40,1,100,1,9,0
40,40,1,100,1,10,0
40,40,1,100,1,11,0
40,40,1,100,1,12,0
40,40,1,100,1,13,0
40,40,1,100,1,14,0
40,40,1,100,1,15,0
40,40,1,100,1,16,0
40,40,1,100,1,17,0
40,40,1,100,1,18,0
40,40,1,100,1,19,0
40,40,1,100,1,20,0
40,40,1,100,1,21,0
40,40,1,100,1,22,0
40,40,1,100,1,23,0
40,40,1,100,1,24,0
40,40,1,100,1,25,0
40,40,1,100,1,26,0
40,40,1,100,1,27,0
40,40,1,100,1,28,0
40,40,1,100,1,29,0
40,40,1,100,1,30,0
40,40,1,100,1,31,0
40,40,1,100,1,32,0
40,40,1,100,1,33,0
40,40,1,100,1,34,0
40,40,1,100,1,35,0
40,40,1,100,1,36,0
40,40,1,100,1,37,0
40,40,1,100,1,38,0
40,40,1,100,1,39,0
40,40,1,100,1,40,0
40,40,1,100,1,41,0
40,40,1,100,1,42,0
40,40,1,100,1,43,0
40,40,1,100,1,44,0
40,40,1,100,1,45,0
40,40,1,100,1,46,0
40,40,1,100,1,47,0
40,40,1,100,1,48,0
40,40,1,100,1,49,0
40,40,1,100,1,50,0
100,40,1,100,1,1,0
100,40,1,100,1,2,0
100,40,1,100,1,3,0
100,40,1,100,1,4,0
100,40,1,100,1,5,0
100,40,1,100,1,6,0
100,40,1,100,1,7,0
100,40,1,100,1,8,0
100,40,1,100,1,9,0
100,40,1,100,1,10,0
100,40,1,100,1,11,0
100,40,1,100,1,12,0
100,40,1,100,1,13,0
100,40,1,100,1,14,0
100,40,1,100,1,15,0
100,40,1,100,1,16,0
100,40,1,100,1,17,0
100,40,1,100,1,18,0
100,40,1,100,1,19,0
100,40,1,100,1,20,0
100,40,1,100,1,21,0
100,40,1,100,1,22,0
100,40,1,100,1,23,0
100,40,1,100,1,24,0
100,40,1,100,1,25,0
100,40,1,100,1,26,0
100,40,1,100,1,27,0
100,40,1,100,1,28,0
100,40,1,100,1,29,0
100,40,1,100,1,30,0
100,40,1,100,1,31,0
100,40,1,100,1,32,0
100,40,1,100,1,33,0
100,40,1,100,1,34,0
100,40,1,100,1,35,0
100,40,1,100,1,36,0
100,40,1,100,1,37,0
100,40,1,100,1,38,0
100,40,1,100,1,39,0
100,40,1,100,1,40,0
100,40,1,100,1,41,0
100,40,1,100,1,42,0
100,40,1,100,1,43,0
100,40,1,100,1,44,0
100,40,1,100,1,45,0
100,40,1,100,1,46,0
100,40,1,100,1,47,0
100,40,1,100,1,48,0
100,40,1,100,1,49,0
100,40,1,100,1,50,0
40,20,2,100,1,1,0
40,20,2,100,1,2,10
40,20,2,100,1,3,0
40,20,2,100,1,4,0
40,20,2,100,1,5,0
40,20,2,100,1,6,0
40,20,2,100,1,7,5
40,20,2,100,1,8,0
40,20,2,100,1,9,15
40,20,2,100,1,10,0
40,20,2,100,1,11,0
40,20,2,100,1,12,0
40,20,2,100,1,13,0
40,20,2,100,1,14,0
40,20,2,100,1,15,0
40,20,2,100,1,16,0
40,20,2,100,1,17,0
40,20,2,100,1,18,0
40,20,2,100,1,19,12.5
40,20,2,100,1,20,0
40,20,2,100,1,21,2.5
40,20,2,100,1,22,0
40,20,2,100,1,23,2.5
40,20,2,100,1,24,7.5
40,20,2,100,1,25,2.5
40,20,2,100,1,26,0
40,20,2,100,1,27,0
40,20,2,100,1,28,0
40,20,2,100,1,29,0
40,20,2,100,1,30,5
40,20,2,100,1,31,2.5
40,20,2,100,1,32,0
40,20,2,100,1,33,0
40,20,2,100,1,34,22.5
40,20,2,100,1,35,0
40,20,2,100,1,36,0
40,20,2,100,1,37,2.5
40,20,2,100,1,38,5
40,20,2,100,1,39,0
40,20,2,100,1,40,0
40,20,2,100,1,41,5
40,20,2,100,1,42,0
40,20,2,100,1,43,0
40,20,2,100,1,44,0
40,20,2,100,1,45,0
40,20,2,100,1,46,2.5
40,20,2,100,1,47,2.5
40,20,2,100,1,48,25
40,20,2,100,1,49,17.5
40,20,2,100,1,50,0
100,20,2,100,1,1,0
100,20,2,100,1,2,0
100,20,2,100,1,3,0
100,20,2,100,1,4,0
100,20,2,100,1,5,2
100,20,2,100,1,6,0
100,20,2,100,1,7,0
100,20,2,100,1,8,1
100,20,2,100,1,9,0
100,20,2,100,1,10,0
100,20,2,100,1,11,0
100,20,2,100,1,12,0
100,20,2,100,1,13,1
100,20,2,100,1,14,2
100,20,2,100,1,15,0
100,20,2,100,1,16,0
100,20,2,100,1,17,0
100,20,2,100,1,18,0
100,20,2,100,1,19,0
100,20,2,100,1,20,1
100,20,2,100,1,21,1
100,20,2,100,1,22,0
100,20,2,100,1,23,0
100,20,2,100,1,24,0
100,20,2,100,1,25,0
100,20,2,100,1,26,1
100,20,2,100,1,27,2
100,20,2,100,1,28,0
100,20,2,100,1,29,0
100,20,2,100,1,30,0
100,20,2,100,1,31,1
100,20,2,100,1,32,0
100,20,2,100,1,33,0
100,20,2,100,1,34,0
100,20,2,100,1,35,0
100,20,2,100,1,36,0
100,20,2,100,1,37,0
100,20,2,100,1,38,1
100,20,2,100,1,39,0
100,20,2,100,1,40,0
100,20,2,100,1,41,0
100,20,2,100,1,42,0
100,20,2,100,1,43,0
100,20,2,100,1,44,0
100,20,2,100,1,45,0
100,20,2,100,1,46,1
100,20,2,100,1,47,1
100,20,2,100,1,48,0
100,20,2,100,1,49,0
100,20,2,100,1,50,0
40,40,2,100,1,1,5
40,40,2,100,1,2,5
40,40,2,100,1,3,0
40,40,2,100,1,4,0
40,40,2,100,1,5,0
40,40,2,100,1,6,0
40,40,2,100,1,7,2.5
40,40,2,100,1,8,2.5
40,40,2,100,1,9,5
40,40,2,100,1,10,0
40,40,2,100,1,11,0
40,40,2,100,1,12,5
40,40,2,100,1,13,0
40,40,2,100,1,14,5
40,40,2,100,1,15,0
40,40,2,100,1,16,0
40,40,2,100,1,17,12.5
40,40,2,100,1,18,5
40,40,2,100,1,19,2.5
40,40,2,100,1,20,5
40,40,2,100,1,21,0
40,40,2,100,1,22,0
40,40,2,100,1,23,5
40,40,2,100,1,24,7.5
40,40,2,100,1,25,0
40,40,2,100,1,26,0
40,40,2,100,1,27,12.5
40,40,2,100,1,28,0
40,40,2,100,1,29,0
40,40,2,100,1,30,2.5
40,40,2,100,1,31,0
40,40,2,100,1,32,0
40,40,2,100,1,33,5
40,40,2,100,1,34,15
40,40,2,100,1,35,7.5
40,40,2,100,1,36,25
40,40,2,100,1,37,5
40,40,2,100,1,38,2.5
40,40,2,100,1,39,7.5
40,40,2,100,1,40,0
40,40,2,100,1,41,0
40,40,2,100,1,42,0
40,40,2,100,1,43,0
40,40,2,100,1,44,0
40,40,2,100,1,45,12.5
40,40,2,100,1,46,0
40,40,2,100,1,47,2.5
40,40,2,100,1,48,2.5
40,40,2,100,1,49,7.5
40,40,2,100,1,50,2.5
100,40,2,100,1,1,1
100,40,2,100,1,2,0
100,40,2,100,1,3,0
100,40,2,100,1,4,0
100,40,2,100,1,5,0
100,40,2,100,1,6,0
100,40,2,100,1,7,1
100,40,2,100,1,8,0
100,40,2,100,1,9,0
100,40,2,100,1,10,0
100,40,2,100,1,11,0
100,40,2,100,1,12,1
100,40,2,100,1,13,0
100,40,2,100,1,14,1
100,40,2,100,1,15,1
100,40,2,100,1,16,0
100,40,2,100,1,17,1
100,40,2,100,1,18,0
100,40,2,100,1,19,0
100,40,2,100,1,20,1
100,40,2,100,1,21,0
100,40,2,100,1,22,1
100,40,2,100,1,23,3
100,40,2,100,1,24,1
100,40,2,100,1,25,0
100,40,2,100,1,26,0
100,40,2,100,1,27,1
100,40,2,100,1,28,1
100,40,2,100,1,29,0
100,40,2,100,1,30,0
100,40,2,100,1,31,0
100,40,2,100,1,32,0
100,40,2,100,1,33,1
100,40,2,100,1,34,1
100,40,2,100,1,35,1
100,40,2,100,1,36,0
100,40,2,100,1,37,1
100,40,2,100,1,38,0
100,40,2,100,1,39,0
100,40,2,100,1,40,0
100,40,2,100,1,41,1
100,40,2,100,1,42,0
100,40,2,100,1,43,0
100,40,2,100,1,44,1
100,40,2,100,1,45,0
100,40,2,100,1,46,0
100,40,2,100,1,47,0
100,40,2,100,1,48,0
100,40,2,100,1,49,2
100,40,2,100,1,50,0
40,20,3,100,1,1,0
40,20,3,100,1,2,47.5
40,20,3,100,1,3,0
40,20,3,100,1,4,0
40,20,3,100,1,5,0
40,20,3,100,1,6,0
40,20,3,100,1,7,0
40,20,3,100,1,8,0
40,20,3,100,1,9,2.5
40,20,3,100,1,10,22.5
40,20,3,100,1,11,0
40,20,3,100,1,12,0
40,20,3,100,1,13,0
40,20,3,100,1,14,0
40,20,3,100,1,15,0
40,20,3,100,1,16,0
40,20,3,100,1,17,0
40,20,3,100,1,18,0
40,20,3,100,1,19,27.5
40,20,3,100,1,20,5
40,20,3,100,1,21,0
40,20,3,100,1,22,0
40,20,3,100,1,23,0
40,20,3,100,1,24,37.5
40,20,3,100,1,25,0
40,20,3,100,1,26,12.5
40,20,3,100,1,27,0
40,20,3,100,1,28,0
40,20,3,100,1,29,0
40,20,3,100,1,30,0
40,20,3,100,1,31,0
40,20,3,100,1,32,0
40,20,3,100,1,33,0
40,20,3,100,1,34,0
40,20,3,100,1,35,0
40,20,3,100,1,36,0
40,20,3,100,1,37,45
40,20,3,100,1,38,7.5
40,20,3,100,1,39,2.5
40,20,3,100,1,40,0
40,20,3,100,1,41,12.5
40,20,3,100,1,42,25
40,20,3,100,1,43,2.5
40,20,3,100,1,44,17.5
40,20,3,100,1,45,2.5
40,20,3,100,1,46,0
40,20,3,100,1,47,10
40,20,3,100,1,48,0
40,20,3,100,1,49,0
40,20,3,100,1,50,22.5
100,20,3,100,1,1,1
100,20,3,100,1,2,1
100,20,3,100,1,3,0
100,20,3,100,1,4,0
100,20,3,100,1,5,0
100,20,3,100,1,6,1
100,20,3,100,1,7,0
100,20,3,100,1,8,0
100,20,3,100,1,9,0
100,20,3,100,1,10,3
100,20,3,100,1,11,1
100,20,3,100,1,12,1
100,20,3,100,1,13,1
100,20,3,100,1,14,0
100,20,3,100,1,15,0
100,20,3,100,1,16,0
100,20,3,100,1,17,1
100,20,3,100,1,18,2
100,20,3,100,1,19,3
100,20,3,100,1,20,2
100,20,3,100,1,21,0
100,20,3,100,1,22,3
100,20,3,100,1,23,0
100,20,3,100,1,24,0
100,20,3,100,1,25,3
100,20,3,100,1,26,4
100,20,3,100,1,27,3
100,20,3,100,1,28,0
100,20,3,100,1,29,2
100,20,3,100,1,30,2
100,20,3,100,1,31,1
100,20,3,100,1,32,0
100,20,3,100,1,33,0
100,20,3,100,1,34,0
100,20,3,100,1,35,0
100,20,3,100,1,36,0
100,20,3,100,1,37,1
100,20,3,100,1,38,1
100,20,3,100,1,39,0
100,20,3,100,1,40,1
100,20,3,100,1,41,4
100,20,3,100,1,42,2
100,20,3,100,1,43,0
100,20,3,100,1,44,1
100,20,3,100,1,45,2
100,20,3,100,1,46,0
100,20,3,100,1,47,2
100,20,3,100,1,48,0
100,20,3,100,1,49,0
100,20,3,100,1,50,2
40,40,3,100,1,1,0
40,40,3,100,1,2,2.5
40,40,3,100,1,3,35
40,40,3,100,1,4,37.5
40,40,3,100,1,5,7.5
40,40,3,100,1,6,35
40,40,3,100,1,7,32.5
40,40,3,100,1,8,22.5
40,40,3,100,1,9,2.5
40,40,3,100,1,10,30
40,40,3,100,1,11,0
40,40,3,100,1,12,7.5
40,40,3,100,1,13,0
40,40,3,100,1,14,0
40,40,3,100,1,15,40
40,40,3,100,1,16,0
40,40,3,100,1,17,7.5
40,40,3,100,1,18,10
40,40,3,100,1,19,2.5
40,40,3,100,1,20,2.5
40,40,3,100,1,21,0
40,40,3,100,1,22,5
40,40,3,100,1,23,7.5
40,40,3,100,1,24,0
40,40,3,100,1,25,2.5
40,40,3,100,1,26,22.5
40,40,3,100,1,27,10
40,40,3,100,1,28,7.5
40,40,3,100,1,29,22.5
40,40,3,100,1,30,2.5
40,40,3,100,1,31,2.5
40,40,3,100,1,32,0
40,40,3,100,1,33,40
40,40,3,100,1,34,30
40,40,3,100,1,35,0
40,40,3,100,1,36,25
40,40,3,100,1,37,22.5
40,40,3,100,1,38,12.5
40,40,3,100,1,39,7.5
40,40,3,100,1,40,15
40,40,3,100,1,41,12.5
40,40,3,100,1,42,2.5
40,40,3,100,1,43,30
40,40,3,100,1,44,2.5
40,40,3,100,1,45,37.5
40,40,3,100,1,46,2.5
40,40,3,100,1,47,0
40,40,3,100,1,48,20
40,40,3,100,1,49,0
40,40,3,100,1,50,0
100,40,3,100,1,1,1
100,40,3,100,1,2,2
100,40,3,100,1,3,2
100,40,3,100,1,4,0
100,40,3,100,1,5,1
100,40,3,100,1,6,0
100,40,3,100,1,7,0
100,40,3,100,1,8,0
100,40,3,100,1,9,0
100,40,3,100,1,10,0
100,40,3,100,1,11,0
100,40,3,100,1,12,1
100,40,3,100,1,13,2
100,40,3,100,1,14,1
100,40,3,100,1,15,0
100,40,3,100,1,16,0
100,40,3,100,1,17,1
100,40,3,100,1,18,0
100,40,3,100,1,19,1
100,40,3,100,1,20,0
100,40,3,100,1,21,0
100,40,3,100,1,22,0
100,40,3,100,1,23,1
100,40,3,100,1,24,0
100,40,3,100,1,25,3
100,40,3,100,1,26,0
100,40,3,100,1,27,1
100,40,3,100,1,28,3
100,40,3,100,1,29,0
100,40,3,100,1,30,1
100,40,3,100,1,31,0
100,40,3,100,1,32,1
100,40,3,100,1,33,1
100,40,3,100,1,34,1
100,40,3,100,1,35,2
100,40,3,100,1,36,0
100,40,3,100,1,37,1
100,40,3,100,1,38,0
100,40,3,100,1,39,0
100,40,3,100,1,40,0
100,40,3,100,1,41,0
100,40,3,100,1,42,0
100,40,3,100,1,43,2
100,40,3,100,1,44,1
100,40,3,100,1,45,0
100,40,3,100,1,46,0
100,40,3,100,1,47,1
100,40,3,100,1,48,0
100,40,3,100,1,49,3
100,40,3,100,1,50,0
40,20,4,100,1,1,0
40,20,4,100,1,2,0
40,20,4,100,1,3,0
40,20,4,100,1,4,0
40,20,4,100,1,5,0
40,20,4,100,1,6,0
40,20,4,100,1,7,0
40,20,4,100,1,8,20
40,20,4,100,1,9,0
40,20,4,100,1,10,0
40,20,4,100,1,11,0
40,20,4,100,1,12,0
40,20,4,100,1,13,2.5
40,20,4,100,1,14,0
40,20,4,100,1,15,0
40,20,4,100,1,16,2.5
40,20,4,100,1,17,0
40,20,4,100,1,18,2.5
40,20,4,100,1,19,22.5
40,20,4,100,1,20,15
40,20,4,100,1,21,0
40,20,4,100,1,22,0
40,20,4,100,1,23,0
40,20,4,100,1,24,2.5
40,20,4,100,1,25,0
40,20,4,100,1,26,0
40,20,4,100,1,27,0
40,20,4,100,1,28,0
40,20,4,100,1,29,2.5
40,20,4,100,1,30,0
40,20,4,100,1,31,0
40,20,4,100,1,32,0
40,20,4,100,1,33,0
40,20,4,100,1,34,0
40,20,4,100,1,35,5
40,20,4,100,1,36,0
40,20,4,100,1,37,27.5
40,20,4,100,1,38,0
40,20,4,100,1,39,37.5
40,20,4,100,1,40,10
40,20,4,100,1,41,0
40,20,4,100,1,42,2.5
40,20,4,100,1,43,10
40,20,4,100,1,44,0
40,20,4,100,1,45,35
40,20,4,100,1,46,50
40,20,4,100,1,47,0
40,20,4,100,1,48,0
40,20,4,100,1,49,2.5
40,20,4,100,1,50,0
100,20,4,100,1,1,0
100,20,4,100,1,2,1
100,20,4,100,1,3,0
100,20,4,100,1,4,0
100,20,4,100,1,5,1
100,20,4,100,1,6,0
100,20,4,100,1,7,0
100,20,4,100,1,8,0
100,20,4,100,1,9,1
100,20,4,100,1,10,0
100,20,4,100,1,11,0
100,20,4,100,1,12,1
100,20,4,100,1,13,1
100,20,4,100,1,14,2
100,20,4,100,1,15,0
100,20,4,100,1,16,1
100,20,4,100,1,17,0
100,20,4,100,1,18,0
100,20,4,100,1,19,0
100,20,4,100,1,20,0
100,20,4,100,1,21,0
100,20,4,100,1,22,1
100,20,4,100,1,23,3
100,20,4,100,1,24,1
100,20,4,100,1,25,2
100,20,4,100,1,26,2
100,20,4,100,1,27,2
100,20,4,100,1,28,1
100,20,4,100,1,29,1
100,20,4,100,1,30,0
100,20,4,100,1,31,1
100,20,4,100,1,32,0
100,20,4,100,1,33,0
100,20,4,100,1,34,1
100,20,4,100,1,35,1
100,20,4,100,1,36,0
100,20,4,100,1,37,1
100,20,4,100,1,38,2
100,20,4,100,1,39,1
100,20,4,100,1,40,1
100,20,4,100,1,41,0
100,20,4,100,1,42,2
100,20,4,100,1,43,0
100,20,4,100,1,44,1
100,20,4,100,1,45,0
100,20,4,100,1,46,0
100,20,4,100,1,47,2
100,20,4,100,1,48,0
100,20,4,100,1,49,0
100,20,4,100,1,50,2
40,40,4,100,1,1,10
40,40,4,100,1,2,0
40,40,4,100,1,3,27.5
40,40,4,100,1,4,25
40,40,4,100,1,5,30
40,40,4,100,1,6,27.5
40,40,4,100,1,7,10
40,40,4,100,1,8,17.5
40,40,4,100,1,9,2.5
40,40,4,100,1,10,22.5
40,40,4,100,1,11,2.5
40,40,4,100,1,12,5
40,40,4,100,1,13,7.5
40,40,4,100,1,14,22.5
40,40,4,100,1,15,15
40,40,4,100,1,16,0
40,40,4,100,1,17,2.5
40,40,4,100,1,18,15
40,40,4,100,1,19,5
40,40,4,100,1,20,27.5
40,40,4,100,1,21,27.5
40,40,4,100,1,22,5
40,40,4,100,1,23,10
40,40,4,100,1,24,15
40,40,4,100,1,25,22.5
40,40,4,100,1,26,0
40,40,4,100,1,27,35
40,40,4,100,1,28,25
40,40,4,100,1,29,5
40,40,4,100,1,30,5
40,40,4,100,1,31,35
40,40,4,100,1,32,40
40,40,4,100,1,33,12.5
40,40,4,100,1,34,0
40,40,4,100,1,35,22.5
40,40,4,100,1,36,37.5
40,40,4,100,1,37,50
40,40,4,100,1,38,2.5
40,40,4,100,1,39,12.5
40,40,4,100,1,40,35
40,40,4,100,1,41,0
40,40,4,100,1,42,30
40,40,4,100,1,43,5
40,40,4,100,1,44,30
40,40,4,100,1,45,0
40,40,4,100,1,46,2.5
40,40,4,100,1,47,0
40,40,4,100,1,48,25
40,40,4,100,1,49,25
40,40,4,100,1,50,45
100,40,4,100,1,1,2
100,40,4,100,1,2,0
100,40,4,100,1,3,0
100,40,4,100,1,4,1
100,40,4,100,1,5,1
100,40,4,100,1,6,0
100,40,4,100,1,7,0
100,40,4,100,1,8,1
100,40,4,100,1,9,1
100,40,4,100,1,10,1
100,40,4,100,1,11,3
100,40,4,100,1,12,1
100,40,4,100,1,13,0
100,40,4,100,1,14,0
100,40,4,100,1,15,1
100,40,4,100,1,16,1
100,40,4,100,1,17,0
100,40,4,100,1,18,0
100,40,4,100,1,19,1
100,40,4,100,1,20,0
100,40,4,100,1,21,0
100,40,4,100,1,22,0
100,40,4,100,1,23,0
100,40,4,100,1,24,3
100,40,4,100,1,25,3
100,40,4,100,1,26,1
100,40,4,100,1,27,2
100,40,4,100,1,28,0
100,40,4,100,1,29,0
100,40,4,100,1,30,0
100,40,4,100,1,31,0
100,40,4,100,1,32,0
100,40,4,100,1,33,1
100,40,4,100,1,34,2
100,40,4,100,1,35,0
100,40,4,100,1,36,1
100,40,4,100,1,37,2
100,40,4,100,1,38,0
100,40,4,100,1,39,2
100,40,4,100,1,40,0
100,40,4,100,1,41,2
100,40,4,100,1,42,1
100,40,4,100,1,43,0
100,40,4,100,1,44,0
100,40,4,100,1,45,0
100,40,4,100,1,46,1
100,40,4,100,1,47,1
100,40,4,100,1,48,0
100,40,4,100,1,49,1
100,40,4,100,1,50,1
40,20,5,100,1,1,0
40,20,5,100,1,2,0
40,20,5,100,1,3,0
40,20,5,100,1,4,0
40,20,5,100,1,5,52.5
40,20,5,100,1,6,0
40,20,5,100,1,7,0
40,20,5,100,1,8,0
40,20,5,100,1,9,0
40,20,5,100,1,10,12.5
40,20,5,100,1,11,0
40,20,5,100,1,12,0
40,20,5,100,1,13,2.5
40,20,5,100,1,14,0
40,20,5,100,1,15,0
40,20,5,100,1,16,0
40,20,5,100,1,17,0
40,20,5,100,1,18,0
40,20,5,100,1,19,0
40,20,5,100,1,20,0
40,20,5,100,1,21,0
40,20,5,100,1,22,0
40,20,5,100,1,23,0
40,20,5,100,1,24,0
40,20,5,100,1,25,0
40,20,5,100,1,26,0
40,20,5,100,1,27,40
40,20,5,100,1,28,0
40,20,5,100,1,29,5
40,20,5,100,1,30,0
40,20,5,100,1,31,2.5
40,20,5,100,1,32,0
40,20,5,100,1,33,0
40,20,5,100,1,34,0
40,20,5,100,1,35,10
40,20,5,100,1,36,0
40,20,5,100,1,37,0
40,20,5,100,1,38,0
40,20,5,100,1,39,0
40,20,5,100,1,40,22.5
40,20,5,100,1,41,0
40,20,5,100,1,42,22.5
40,20,5,100,1,43,0
40,20,5,100,1,44,0
40,20,5,100,1,45,0
40,20,5,100,1,46,0
40,20,5,100,1,47,0
40,20,5,100,1,48,0
40,20,5,100,1,49,12.5
40,20,5,100,1,50,0
100,20,5,100,1,1,1
100,20,5,100,1,2,4
100,20,5,100,1,3,1
100,20,5,100,1,4,2
100,20,5,100,1,5,5
100,20,5,100,1,6,1
100,20,5,100,1,7,5
100,20,5,100,1,8,1
100,20,5,100,1,9,1
100,20,5,100,1,10,0
100,20,5,100,1,11,3
100,20,5,100,1,12,1
100,20,5,100,1,13,0
100,20,5,100,1,14,1
100,20,5,100,1,15,3
100,20,5,100,1,16,1
100,20,5,100,1,17,1
100,20,5,100,1,18,1
100,20,5,100,1,19,0
100,20,5,100,1,20,0
100,20,5,100,1,21,1
100,20,5,100,1,22,0
100,20,5,100,1,23,0
100,20,5,100,1,24,2
100,20,5,100,1,25,2
100,20,5,100,1,26,1
100,20,5,100,1,27,2
100,20,5,100,1,28,3
100,20,5,100,1,29,0
100,20,5,100,1,30,3
100,20,5,100,1,31,1
100,20,5,100,1,32,1
100,20,5,100,1,33,1
100,20,5,100,1,34,1
100,20,5,100,1,35,0
100,20,5,100,1,36,2
100,20,5,100,1,37,1
100,20,5,100,1,38,3
100,20,5,100,1,39,2
100,20,5,100,1,40,4
100,20,5,100,1,41,0
100,20,5,100,1,42,1
100,20,5,100,1,43,4
100,20,5,100,1,44,1
100,20,5,100,1,45,3
100,20,5,100,1,46,0
100,20,5,100,1,47,0
100,20,5,100,1,48,0
100,20,5,100,1,49,0
100,20,5,100,1,50,2
40,40,5,100,1,1,27.5
40,40,5,100,1,2,7.5
40,40,5,100,1,3,25
40,40,5,100,1,4,47.5
40,40,5,100,1,5,32.5
40,40,5,100,1,6,7.5
40,40,5,100,1,7,7.5
40,40,5,100,1,8,5
40,40,5,100,1,9,30
40,40,5,100,1,10,2.5
40,40,5,100,1,11,12.5
40,40,5,100,1,12,22.5
40,40,5,100,1,13,20
40,40,5,100,1,14,0
40,40,5,100,1,15,0
40,40,5,100,1,16,20
40,40,5,100,1,17,25
40,40,5,100,1,18,7.5
40,40,5,100,1,19,20
40,40,5,100,1,20,0
40,40,5,100,1,21,25
40,40,5,100,1,22,27.5
40,40,5,100,1,23,35
40,40,5,100,1,24,2.5
40,40,5,100,1,25,25
40,40,5,100,1,26,27.5
40,40,5,100,1,27,0
40,40,5,100,1,28,10
40,40,5,100,1,29,2.5
40,40,5,100,1,30,5
40,40,5,100,1,31,7.5
40,40,5,100,1,32,30
40,40,5,100,1,33,25
40,40,5,100,1,34,40
40,40,5,100,1,35,20
40,40,5,100,1,36,5
40,40,5,100,1,37,7.5
40,40,5,100,1,38,32.5
40,40,5,100,1,39,17.5
40,40,5,100,1,40,2.5
40,40,5,100,1,41,22.5
40,40,5,100,1,42,25
40,40,5,100,1,43,7.5
40,40,5,100,1,44,25
40,40,5,100,1,45,25
40,40,5,100,1,46,25
40,40,5,100,1,47,5
40,40,5,100,1,48,25
40,40,5,100,1,49,30
40,40,5,100,1,50,25
100,40,5,100,1,1,0
100,40,5,100,1,2,1
100,40,5,100,1,3,0
100,40,5,100,1,4,1
100,40,5,100,1,5,1
100,40,5,100,1,6,1
100,40,5,100,1,7,2
100,40,5,100,1,8,1
100,40,5,100,1,9,0
100,40,5,100,1,10,3
100,40,5,100,1,11,1
100,40,5,100,1,12,1
100,40,5,100,1,13,0
100,40,5,100,1,14,1
100,40,5,100,1,15,0
100,40,5,100,1,16,2
100,40,5,100,1,17,0
100,40,5,100,1,18,5
100,40,5,100,1,19,0
100,40,5,100,1,20,1
100,40,5,100,1,21,1
100,40,5,100,1,22,1
100,40,5,100,1,23,1
100,40,5,100,1,24,4
100,40,5,100,1,25,0
100,40,5,100,1,26,0
100,40,5,100,1,27,2
100,40,5,100,1,28,3
100,40,5,100,1,29,0
100,40,5,100,1,30,2
100,40,5,100,1,31,0
100,40,5,100,1,32,0
100,40,5,100,1,33,4
100,40,5,100,1,34,1
100,40,5,100,1,35,3
100,40,5,100,1,36,0
100,40,5,100,1,37,1
100,40,5,100,1,38,2
100,40,5,100,1,39,2
100,40,5,100,1,40,0
100,40,5,100,1,41,2
100,40,5,100,1,42,2
100,40,5,100,1,43,0
100,40,5,100,1,44,3
100,40,5,100,1,45,0
100,40,5,100,1,46,0
100,40,5,100,1,47,0
100,40,5,100,1,48,0
100,40,5,100,1,49,2
100,40,5,100,1,50,3
40,20,6,100,1,1,0
40,20,6,100,1,2,0
40,20,6,100,1,3,0
40,20,6,100,1,4,0
40,20,6,100,1,5,0
40,20,6,100,1,6,32.5
40,20,6,100,1,7,0
40,20,6,100,1,8,0
40,20,6,100,1,9,0
40,20,6,100,1,10,25
40,20,6,100,1,11,0
40,20,6,100,1,12,37.5
40,20,6,100,1,13,0
40,20,6,100,1,14,0
40,20,6,100,1,15,0
40,20,6,100,1,16,0
40,20,6,100,1,17,0
40,20,6,100,1,18,0
40,20,6,100,1,19,0
40,20,6,100,1,20,45
40,20,6,100,1,21,0
40,20,6,100,1,22,0
40,20,6,100,1,23,0
40,20,6,100,1,24,0
40,20,6,100,1,25,2.5
40,20,6,100,1,26,0
40,20,6,100,1,27,0
40,20,6,100,1,28,0
40,20,6,100,1,29,2.5
40,20,6,100,1,30,0
40,20,6,100,1,31,45
40,20,6,100,1,32,0
40,20,6,100,1,33,35
40,20,6,100,1,34,0
40,20,6,100,1,35,0
40,20,6,100,1,36,0
40,20,6,100,1,37,0
40,20,6,100,1,38,0
40,20,6,100,1,39,0
40,20,6,100,1,40,0
40,20,6,100,1,41,0
40,20,6,100,1,42,0
40,20,6,100,1,43,0
40,20,6,100,1,44,0
40,20,6,100,1,45,32.5
40,20,6,100,1,46,25
40,20,6,100,1,47,0
40,20,6,100,1,48,0
40,20,6,100,1,49,40
40,20,6,100,1,50,7.5
100,20,6,100,1,1,2
100,20,6,100,1,2,1
100,20,6,100,1,3,1
100,20,6,100,1,4,4
100,20,6,100,1,5,4
100,20,6,100,1,6,2
100,20,6,100,1,7,2
100,20,6,100,1,8,4
100,20,6,100,1,9,0
100,20,6,100,1,10,4
100,20,6,100,1,11,1
100,20,6,100,1,12,6
100,20,6,100,1,13,3
100,20,6,100,1,14,2
100,20,6,100,1,15,4
100,20,6,100,1,16,1
100,20,6,100,1,17,0
100,20,6,100,1,18,1
100,20,6,100,1,19,2
100,20,6,100,1,20,0
100,20,6,100,1,21,0
100,20,6,100,1,22,2
100,20,6,100,1,23,0
100,20,6,100,1,24,4
100,20,6,100,1,25,1
100,20,6,100,1,26,0
100,20,6,100,1,27,0
100,20,6,100,1,28,2
100,20,6,100,1,29,0
100,20,6,100,1,30,0
100,20,6,100,1,31,1
100,20,6,100,1,32,0
100,20,6,100,1,33,1
100,20,6,100,1,34,0
100,20,6,100,1,35,0
100,20,6,100,1,36,1
100,20,6,100,1,37,2
100,20,6,100,1,38,0
100,20,6,100,1,39,1
100,20,6,100,1,40,2
100,20,6,100,1,41,1
100,20,6,100,1,42,2
100,20,6,100,1,43,3
100,20,6,100,1,44,1
100,20,6,100,1,45,1
100,20,6,100,1,46,1
100,20,6,100,1,47,1
100,20,6,100,1,48,0
100,20,6,100,1,49,1
100,20,6,100,1,50,2
40,40,6,100,1,1,0
40,40,6,100,1,2,2.5
40,40,6,100,1,3,10
40,40,6,100,1,4,25
40,40,6,100,1,5,22.5
40,40,6,100,1,6,22.5
40,40,6,100,1,7,10
40,40,6,100,1,8,10
40,40,6,100,1,9,22.5
40,40,6,100,1,10,30
40,40,6,100,1,11,27.5
40,40,6,100,1,12,35
40,40,6,100,1,13,27.5
40,40,6,100,1,14,22.5
40,40,6,100,1,15,2.5
40,40,6,100,1,16,15
40,40,6,100,1,17,10
40,40,6,100,1,18,0
40,40,6,100,1,19,0
40,40,6,100,1,20,7.5
40,40,6,100,1,21,5
40,40,6,100,1,22,2.5
40,40,6,100,1,23,20
40,40,6,100,1,24,27.5
40,40,6,100,1,25,5
40,40,6,100,1,26,20
40,40,6,100,1,27,35
40,40,6,100,1,28,22.5
40,40,6,100,1,29,2.5
40,40,6,100,1,30,22.5
40,40,6,100,1,31,0
40,40,6,100,1,32,20
40,40,6,100,1,33,25
40,40,6,100,1,34,30
40,40,6,100,1,35,12.5
40,40,6,100,1,36,42.5
40,40,6,100,1,37,27.5
40,40,6,100,1,38,0
40,40,6,100,1,39,2.5
40,40,6,100,1,40,20
40,40,6,100,1,41,22.5
40,40,6,100,1,42,25
40,40,6,100,1,43,30
40,40,6,100,1,44,27.5
40,40,6,100,1,45,7.5
40,40,6,100,1,46,7.5
40,40,6,100,1,47,20
40,40,6,100,1,48,25
40,40,6,100,1,49,10
40,40,6,100,1,50,17.5
100,40,6,100,1,1,1
100,40,6,100,1,2,3
100,40,6,100,1,3,3
100,40,6,100,1,4,2
100,40,6,100,1,5,1
100,40,6,100,1,6,2
100,40,6,100,1,7,3
100,40,6,100,1,8,0
100,40,6,100,1,9,3
100,40,6,100,1,10,2
100,40,6,100,1,11,1
100,40,6,100,1,12,2
100,40,6,100,1,13,0
100,40,6,100,1,14,0
100,40,6,100,1,15,0
100,40,6,100,1,16,4
100,40,6,100,1,17,20
100,40,6,100,1,18,1
100,40,6,100,1,19,0
100,40,6,100,1,20,1
100,40,6,100,1,21,1
100,40,6,100,1,22,1
100,40,6,100,1,23,2
100,40,6,100,1,24,3
100,40,6,100,1,25,2
100,40,6,100,1,26,0
100,40,6,100,1,27,3
100,40,6,100,1,28,0
100,40,6,100,1,29,0
100,40,6,100,1,30,0
100,40,6,100,1,31,0
100,40,6,100,1,32,0
100,40,6,100,1,33,1
100,40,6,100,1,34,0
100,40,6,100,1,35,0
100,40,6,100,1,36,0
100,40,6,100,1,37,3
100,40,6,100,1,38,0
100,40,6,100,1,39,4
100,40,6,100,1,40,2
100,40,6,100,1,41,3
100,40,6,100,1,42,0
100,40,6,100,1,43,1
100,40,6,100,1,44,1
100,40,6,100,1,45,1
100,40,6,100,1,46,1
100,40,6,100,1,47,3
100,40,6,100,1,48,1
100,40,6,100,1,49,2
100,40,6,100,1,50,3
