"runID","numCenters","SSE","numSubgroups"
"11",1,59.789590637901,"2"
"11",2,39.0494757981688,"2"
"11",3,36.6262570056726,"2"
"11",4,34.220016186769,"2"
"11",5,32.2626824368989,"2"
"11",6,30.4751603179196,"2"
"11",7,28.9490304482469,"2"
"11",8,27.5760647550163,"2"
"11",9,26.1818430937669,"2"
"11",10,24.9753686250827,"2"
"12",1,59.2976941758169,"5"
"12",2,49.7000514257566,"5"
"12",3,43.457746937506,"5"
"12",4,38.8601375553391,"5"
"12",5,34.7947038398156,"5"
"12",6,32.926767277963,"5"
"12",7,31.2469630411392,"5"
"12",8,29.5730134944217,"5"
"12",9,28.0249445765122,"5"
"12",10,26.5768982908673,"5"
"13",1,61.3672529132799,"8"
"13",2,52.448390203098,"8"
"13",3,48.0102643149205,"8"
"13",4,44.4027784540808,"8"
"13",5,41.3455740450228,"8"
"13",6,38.5744063400866,"8"
"13",7,35.8382052666531,"8"
"13",8,33.5734525713965,"8"
"13",9,31.51489886044,"8"
"13",10,29.6261297275911,"8"
"21",1,62.8847713163049,"2"
"21",2,36.6321419439306,"2"
"21",3,33.8765444362592,"2"
"21",4,31.6288586281914,"2"
"21",5,30.1344787139269,"2"
"21",6,28.7199711003266,"2"
"21",7,27.3679665641514,"2"
"21",8,26.1169724244693,"2"
"21",9,24.9463026881942,"2"
"21",10,23.6960457751068,"2"
"22",1,66.5892823339244,"5"
"22",2,52.4914875796148,"5"
"22",3,44.6897209637039,"5"
"22",4,38.9214394126525,"5"
"22",5,35.198578601738,"5"
"22",6,33.0576425714824,"5"
"22",7,31.4907518580732,"5"
"22",8,29.9984988430472,"5"
"22",9,28.5333332347137,"5"
"22",10,27.2192641372375,"5"
"23",1,61.2921366769581,"8"
"23",2,53.8799888848048,"8"
"23",3,49.1349863237654,"8"
"23",4,44.5868628569131,"8"
"23",5,40.1345365202704,"8"
"23",6,37.3525721483325,"8"
"23",7,34.7562151607722,"8"
"23",8,32.3794963363724,"8"
"23",9,30.299579772006,"8"
"23",10,28.5636074696818,"8"
"31",1,56.0312478338642,"2"
"31",2,37.3600057777711,"2"
"31",3,35.0498662065851,"2"
"31",4,32.9260137431594,"2"
"31",5,31.373689077808,"2"
"31",6,29.8452695523733,"2"
"31",7,28.5440684507585,"2"
"31",8,27.279882142003,"2"
"31",9,26.1107906347525,"2"
"31",10,24.978648720973,"2"
"32",1,60.9818388303532,"5"
"32",2,52.6685809350803,"5"
"32",3,45.1718203644173,"5"
"32",4,39.0177737689239,"5"
"32",5,34.466562727252,"5"
"32",6,32.4509298976111,"5"
"32",7,30.5004539832535,"5"
"32",8,28.8319913151372,"5"
"32",9,27.3083523782104,"5"
"32",10,26.0514706511727,"5"
"33",1,58.1555191978808,"8"
"33",2,52.5480092741564,"8"
"33",3,47.391294414655,"8"
"33",4,43.1451146960126,"8"
"33",5,39.1892688927255,"8"
"33",6,35.2880990464267,"8"
"33",7,31.9808024328809,"8"
"33",8,30.1717094874912,"8"
"33",9,28.7051318808939,"8"
"33",10,27.3515516614157,"8"
"41",1,63.5448766793253,"2"
"41",2,39.333732884322,"2"
"41",3,36.4543746739459,"2"
"41",4,33.8708677610951,"2"
"41",5,32.0285973178547,"2"
"41",6,30.4338196794096,"2"
"41",7,28.9410331102277,"2"
"41",8,27.6210601603157,"2"
"41",9,26.2413638985031,"2"
"41",10,24.994616155304,"2"
"42",1,57.6064908880233,"5"
"42",2,48.2920050300564,"5"
"42",3,43.0836146755427,"5"
"42",4,39.0623136093495,"5"
"42",5,35.2130659677574,"5"
"42",6,33.2290402671923,"5"
"42",7,31.3374460609181,"5"
"42",8,29.5530573309048,"5"
"42",9,27.8136217097909,"5"
"42",10,26.2924402867804,"5"
"43",1,62.1469950221751,"8"
"43",2,53.452053888375,"8"
"43",3,48.9871156316447,"8"
"43",4,45.0795578730906,"8"
"43",5,41.5420695240157,"8"
"43",6,38.3758414730542,"8"
"43",7,35.9262703176228,"8"
"43",8,33.7058424868392,"8"
"43",9,31.8395452245967,"8"
"43",10,30.1871246710369,"8"
"51",1,54.8193900996348,"2"
"51",2,37.6346543282699,"2"
"51",3,35.2371805609183,"2"
"51",4,33.0960083487663,"2"
"51",5,31.2035029730604,"2"
"51",6,29.624506394934,"2"
"51",7,28.0977314711479,"2"
"51",8,26.8594591238627,"2"
"51",9,25.6678427925526,"2"
"51",10,24.5585310858196,"2"
"52",1,63.0543924133681,"5"
"52",2,50.5519595784981,"5"
"52",3,43.9144764429887,"5"
"52",4,38.661915984801,"5"
"52",5,34.3631166862717,"5"
"52",6,32.150079468937,"5"
"52",7,30.2550057285758,"5"
"52",8,28.8878452631344,"5"
"52",9,27.6231802685815,"5"
"52",10,26.3781420861709,"5"
"53",1,58.8443005157234,"8"
"53",2,51.3722429656271,"8"
"53",3,46.5034208008381,"8"
"53",4,41.6766183814655,"8"
"53",5,37.96458379824,"8"
"53",6,35.1551222802354,"8"
"53",7,32.6588881326369,"8"
"53",8,30.2240413247832,"8"
"53",9,28.7012015296433,"8"
"53",10,27.2685887916776,"8"
"61",1,60.238017876251,"2"
"61",2,39.2221497573754,"2"
"61",3,36.2667692250608,"2"
"61",4,33.6182812606101,"2"
"61",5,32.0056080170667,"2"
"61",6,30.4658919121517,"2"
"61",7,29.0168690008396,"2"
"61",8,27.6014766872658,"2"
"61",9,26.3685711670662,"2"
"61",10,25.1691671790493,"2"
"62",1,63.6996383980109,"5"
"62",2,52.940251083306,"5"
"62",3,46.842909860492,"5"
"62",4,42.0409431331125,"5"
"62",5,39.2512661792959,"5"
"62",6,37.0138207199221,"5"
"62",7,35.0001821729191,"5"
"62",8,33.0883802382342,"5"
"62",9,31.3062768592894,"5"
"62",10,29.6349636217577,"5"
"63",1,58.8948333738309,"8"
"63",2,51.7640086618842,"8"
"63",3,47.1066256307135,"8"
"63",4,43.3885196913816,"8"
"63",5,39.959140910671,"8"
"63",6,37.2544906432151,"8"
"63",7,34.9101226493148,"8"
"63",8,33.0096632387307,"8"
"63",9,31.2336071260288,"8"
"63",10,29.6079021631801,"8"
"71",1,59.1088336802983,"2"
"71",2,37.2264411709131,"2"
"71",3,34.7832302193169,"2"
"71",4,32.9185051365084,"2"
"71",5,31.3638710373831,"2"
"71",6,29.8792547791439,"2"
"71",7,28.4890493139455,"2"
"71",8,27.2301411609132,"2"
"71",9,25.9967447548506,"2"
"71",10,24.8978491152618,"2"
"72",1,57.3913734587932,"5"
"72",2,48.929872166782,"5"
"72",3,41.6801772034276,"5"
"72",4,36.0833262880057,"5"
"72",5,32.483380892118,"5"
"72",6,30.59327520975,"5"
"72",7,28.8546330342846,"5"
"72",8,27.3308697875259,"5"
"72",9,25.9848968248934,"5"
"72",10,24.8851669419857,"5"
"73",1,55.5377770673706,"8"
"73",2,47.8885256982776,"8"
"73",3,43.5869557627976,"8"
"73",4,39.812112538908,"8"
"73",5,37.0304656632961,"8"
"73",6,34.4836804845195,"8"
"73",7,32.3448256766382,"8"
"73",8,30.52563721373,"8"
"73",9,29.0103132131843,"8"
"73",10,27.6365413199376,"8"
"81",1,63.7110080672826,"2"
"81",2,37.4225162954343,"2"
"81",3,34.862144698749,"2"
"81",4,32.620296538555,"2"
"81",5,30.7972206178802,"2"
"81",6,29.3925743642644,"2"
"81",7,28.0437996083435,"2"
"81",8,26.7333888533391,"2"
"81",9,25.561941545249,"2"
"81",10,24.4137281154261,"2"
"82",1,67.896547687003,"5"
"82",2,55.7841392911993,"5"
"82",3,47.331186466998,"5"
"82",4,40.4937035679157,"5"
"82",5,34.2203830018062,"5"
"82",6,31.5632987832971,"5"
"82",7,29.6842787477629,"5"
"82",8,28.1685582070778,"5"
"82",9,26.8746621694319,"5"
"82",10,25.7052471271224,"5"
"83",1,61.0616789853708,"8"
"83",2,53.5945889804542,"8"
"83",3,48.1043167370352,"8"
"83",4,43.4189296661872,"8"
"83",5,40.0958841868407,"8"
"83",6,37.193678865502,"8"
"83",7,34.5701267268561,"8"
"83",8,32.6985409376636,"8"
"83",9,30.8915103399771,"8"
"83",10,29.2098551660558,"8"
"91",1,65.2397938260275,"2"
"91",2,39.2141618134852,"2"
"91",3,35.4412800790511,"2"
"91",4,33.3758775094925,"2"
"91",5,31.6582996451621,"2"
"91",6,30.0024613724841,"2"
"91",7,28.601471786844,"2"
"91",8,27.2427307010898,"2"
"91",9,25.9004038784676,"2"
"91",10,24.6495922574287,"2"
"92",1,53.9954594695323,"5"
"92",2,46.7242663707924,"5"
"92",3,41.3048039684407,"5"
"92",4,37.0242289653286,"5"
"92",5,33.3606806975199,"5"
"92",6,31.3067369023242,"5"
"92",7,29.5462833974176,"5"
"92",8,27.9794785125523,"5"
"92",9,26.6849670114076,"5"
"92",10,25.5122381749752,"5"
"93",1,57.7996938943804,"8"
"93",2,49.6377541069512,"8"
"93",3,45.044562455497,"8"
"93",4,40.7836640223659,"8"
"93",5,37.8656960964294,"8"
"93",6,34.9402147773013,"8"
"93",7,32.7602866746447,"8"
"93",8,30.9423963403017,"8"
"93",9,29.436462982839,"8"
"93",10,27.9874147671912,"8"
"101",1,66.9806673668311,"2"
"101",2,38.1568545141046,"2"
"101",3,34.0619781155503,"2"
"101",4,31.9081205924076,"2"
"101",5,30.269166538122,"2"
"101",6,28.9732856953276,"2"
"101",7,27.7314932645967,"2"
"101",8,26.5342240660242,"2"
"101",9,25.4216563921701,"2"
"101",10,24.3414146241167,"2"
"102",1,59.7271652623736,"5"
"102",2,48.8592558160053,"5"
"102",3,43.2137821438418,"5"
"102",4,38.2498521866793,"5"
"102",5,34.6210567106417,"5"
"102",6,32.8221855540145,"5"
"102",7,31.1665647760435,"5"
"102",8,29.545975647677,"5"
"102",9,28.1940582630246,"5"
"102",10,26.8546152754929,"5"
"103",1,56.6453825145147,"8"
"103",2,50.7829358207444,"8"
"103",3,45.8607158837003,"8"
"103",4,41.903184734616,"8"
"103",5,38.0319887348469,"8"
"103",6,34.5050721887378,"8"
"103",7,31.5089021285744,"8"
"103",8,29.4288426153579,"8"
"103",9,27.5144168869205,"8"
"103",10,25.9771245370243,"8"
"111",1,72.4743694846711,"2"
"111",2,38.2868361002412,"2"
"111",3,34.307262012804,"2"
"111",4,31.77881999408,"2"
"111",5,29.9466678680808,"2"
"111",6,28.2199928815088,"2"
"111",7,26.7880475440273,"2"
"111",8,25.527899557801,"2"
"111",9,24.2450986983709,"2"
"111",10,23.089841513096,"2"
"112",1,60.7914279198914,"5"
"112",2,51.7277898177367,"5"
"112",3,43.9455685742213,"5"
"112",4,40.3382013269883,"5"
"112",5,36.7317829605654,"5"
"112",6,34.4553552998202,"5"
"112",7,32.5071608272381,"5"
"112",8,30.5748255318486,"5"
"112",9,29.070442496492,"5"
"112",10,27.7445214405942,"5"
"113",1,61.7511287927537,"8"
"113",2,54.4105214762326,"8"
"113",3,48.8665823878771,"8"
"113",4,44.0444058233055,"8"
"113",5,40.4207347037433,"8"
"113",6,37.4908198159197,"8"
"113",7,34.876279683628,"8"
"113",8,32.5482699655959,"8"
"113",9,30.804772822063,"8"
"113",10,29.0361089076653,"8"
"121",1,47.5072757871487,"2"
"121",2,39.137842094548,"2"
"121",3,36.9255195240987,"2"
"121",4,34.848771484883,"2"
"121",5,32.9939302501253,"2"
"121",6,31.4075558493583,"2"
"121",7,29.8247735427281,"2"
"121",8,28.4844576433475,"2"
"121",9,27.1817838593905,"2"
"121",10,25.8993649946568,"2"
"122",1,62.5096117248191,"5"
"122",2,52.7475943877977,"5"
"122",3,45.7317310620849,"5"
"122",4,40.4886593679696,"5"
"122",5,36.0101102381161,"5"
"122",6,33.6984126941692,"5"
"122",7,31.6392170978485,"5"
"122",8,29.8285884066209,"5"
"122",9,28.0540857300383,"5"
"122",10,26.6147936083009,"5"
"123",1,60.7554744753022,"8"
"123",2,51.2892096288716,"8"
"123",3,45.4062850257253,"8"
"123",4,41.4120811740775,"8"
"123",5,38.7306933754022,"8"
"123",6,36.0841221721201,"8"
"123",7,33.6948078981592,"8"
"123",8,31.7675274738612,"8"
"123",9,30.1011524188275,"8"
"123",10,28.5041158553817,"8"
"131",1,58.7766352259902,"2"
"131",2,39.3912036599892,"2"
"131",3,36.1088386975099,"2"
"131",4,33.5515995154076,"2"
"131",5,31.7168636880714,"2"
"131",6,29.9917520607025,"2"
"131",7,28.5973808656639,"2"
"131",8,27.4308642171987,"2"
"131",9,26.23993951582,"2"
"131",10,25.1381917302771,"2"
"132",1,57.1603402791877,"5"
"132",2,48.5473692316511,"5"
"132",3,41.2580054115908,"5"
"132",4,37.6264763422952,"5"
"132",5,35.2465737067044,"5"
"132",6,33.2676443370239,"5"
"132",7,31.3205059373269,"5"
"132",8,29.5628072201859,"5"
"132",9,27.9464478644835,"5"
"132",10,26.5998967093442,"5"
"133",1,55.8901791296264,"8"
"133",2,49.6463737247337,"8"
"133",3,44.3813996016979,"8"
"133",4,40.2624793344829,"8"
"133",5,36.6746742360929,"8"
"133",6,33.0223049273489,"8"
"133",7,30.7540979552271,"8"
"133",8,28.8393841160488,"8"
"133",9,27.4047872671279,"8"
"133",10,26.0241710413514,"8"
"141",1,63.0672497785151,"2"
"141",2,36.5627602349256,"2"
"141",3,33.9743448759866,"2"
"141",4,31.6586105762051,"2"
"141",5,29.5058950245552,"2"
"141",6,28.267947201902,"2"
"141",7,27.0716588484893,"2"
"141",8,25.8911592822971,"2"
"141",9,24.7869751181783,"2"
"141",10,23.7331959916303,"2"
"142",1,67.4020495208016,"5"
"142",2,55.1440945649703,"5"
"142",3,47.5441971542869,"5"
"142",4,41.4301284271638,"5"
"142",5,35.7150082310042,"5"
"142",6,33.1543239990196,"5"
"142",7,31.0767473036061,"5"
"142",8,29.5106527414235,"5"
"142",9,28.0872764068012,"5"
"142",10,26.7000578427872,"5"
"143",1,57.329493663507,"8"
"143",2,51.5567134657351,"8"
"143",3,46.6055692868463,"8"
"143",4,42.9189678106351,"8"
"143",5,39.3122792258489,"8"
"143",6,36.0395280033516,"8"
"143",7,32.7294085884231,"8"
"143",8,30.275464587815,"8"
"143",9,28.7794110413877,"8"
"143",10,27.3856146263532,"8"
"151",1,58.0828283218202,"2"
"151",2,37.4569258558244,"2"
"151",3,34.5509873522691,"2"
"151",4,32.2067677740733,"2"
"151",5,30.6714557667969,"2"
"151",6,29.3618953284595,"2"
"151",7,28.0723767836679,"2"
"151",8,26.8282441574903,"2"
"151",9,25.7469627426151,"2"
"151",10,24.6467570128742,"2"
"152",1,58.4090903409038,"5"
"152",2,49.4120835730592,"5"
"152",3,42.9582865272246,"5"
"152",4,38.0360513455948,"5"
"152",5,33.8288570022382,"5"
"152",6,31.9356454287648,"5"
"152",7,30.3390153035367,"5"
"152",8,28.9023471991487,"5"
"152",9,27.5469140747738,"5"
"152",10,26.2842200405458,"5"
"153",1,61.0998677982995,"8"
"153",2,53.7278050784622,"8"
"153",3,48.4443190259952,"8"
"153",4,43.8549243986102,"8"
"153",5,39.862203548503,"8"
"153",6,36.4496500729478,"8"
"153",7,33.2137568775071,"8"
"153",8,31.641393321084,"8"
"153",9,30.1253994699272,"8"
"153",10,28.6328887104655,"8"
"161",1,64.3095846991656,"2"
"161",2,34.0305424559841,"2"
"161",3,32.0088117041643,"2"
"161",4,30.1841701178665,"2"
"161",5,28.7213461410509,"2"
"161",6,27.4416871642369,"2"
"161",7,26.2474438594245,"2"
"161",8,25.0459658103245,"2"
"161",9,23.9575208719735,"2"
"161",10,22.9507240083725,"2"
"162",1,62.6568946771593,"5"
"162",2,49.9477919549042,"5"
"162",3,43.0371612794133,"5"
"162",4,38.7054984097157,"5"
"162",5,35.0462861479793,"5"
"162",6,32.5191723352221,"5"
"162",7,30.367547717875,"5"
"162",8,28.6156236420282,"5"
"162",9,27.1403882006524,"5"
"162",10,25.7625895877875,"5"
"163",1,61.0773722415361,"8"
"163",2,53.4632160452576,"8"
"163",3,48.2968023179539,"8"
"163",4,43.8286200236322,"8"
"163",5,40.2079260444991,"8"
"163",6,37.2115672511734,"8"
"163",7,34.5697343562207,"8"
"163",8,32.5178067239671,"8"
"163",9,30.7854545698861,"8"
"163",10,29.2677714335905,"8"
"171",1,49.891224645194,"2"
"171",2,38.7259291153634,"2"
"171",3,36.232275626652,"2"
"171",4,34.0119804809396,"2"
"171",5,32.4749213937787,"2"
"171",6,31.0351370783801,"2"
"171",7,29.6511699740789,"2"
"171",8,28.3972651894714,"2"
"171",9,27.2075405088042,"2"
"171",10,26.0785105245995,"2"
"172",1,56.2391373119224,"5"
"172",2,48.515784160435,"5"
"172",3,42.3711229046436,"5"
"172",4,38.6028243862457,"5"
"172",5,35.9646300363354,"5"
"172",6,34.0472856548818,"5"
"172",7,32.2647595827931,"5"
"172",8,30.6103308476576,"5"
"172",9,29.0386718796359,"5"
"172",10,27.6270069022891,"5"
"173",1,63.9458313053641,"8"
"173",2,55.0839103107506,"8"
"173",3,48.4614799079238,"8"
"173",4,43.2625852342625,"8"
"173",5,38.808882385332,"8"
"173",6,35.1274275289561,"8"
"173",7,32.5127283297692,"8"
"173",8,30.4425651543745,"8"
"173",9,28.6224159146916,"8"
"173",10,27.2011348833695,"8"
"181",1,63.2041421809598,"2"
"181",2,40.1817799788137,"2"
"181",3,36.3616058520075,"2"
"181",4,34.1551029770558,"2"
"181",5,32.4114885071569,"2"
"181",6,30.7544601124852,"2"
"181",7,29.2254099741044,"2"
"181",8,27.7515365113221,"2"
"181",9,26.3522825870784,"2"
"181",10,25.010811233332,"2"
"182",1,62.0658895287901,"5"
"182",2,53.1516747601814,"5"
"182",3,46.4107008158633,"5"
"182",4,40.9097498172542,"5"
"182",5,36.9486960562707,"5"
"182",6,34.3383243627217,"5"
"182",7,32.2663109385089,"5"
"182",8,30.4195488099713,"5"
"182",9,28.6385321706259,"5"
"182",10,27.2132356846517,"5"
"183",1,64.1412144508805,"8"
"183",2,54.9960487255848,"8"
"183",3,49.0953720137701,"8"
"183",4,44.2216762203559,"8"
"183",5,40.4185935012239,"8"
"183",6,37.4277037679709,"8"
"183",7,34.549147591491,"8"
"183",8,31.7258092056111,"8"
"183",9,29.5360620649205,"8"
"183",10,27.5623005531751,"8"
"191",1,50.1368901955997,"2"
"191",2,39.2230146931919,"2"
"191",3,36.909492193401,"2"
"191",4,34.7009170567836,"2"
"191",5,32.8917993596603,"2"
"191",6,31.4385386394707,"2"
"191",7,30.0418319314078,"2"
"191",8,28.7095950729566,"2"
"191",9,27.5086252006437,"2"
"191",10,26.3167713470514,"2"
"192",1,59.3120748574993,"5"
"192",2,50.3657692313522,"5"
"192",3,42.6874045412014,"5"
"192",4,39.0070569524145,"5"
"192",5,35.6166909612878,"5"
"192",6,33.3464925093873,"5"
"192",7,31.545408943789,"5"
"192",8,29.8950929836686,"5"
"192",9,28.3923747847896,"5"
"192",10,26.9683952482933,"5"
"193",1,62.518912948353,"8"
"193",2,54.1073728341787,"8"
"193",3,48.5401799070338,"8"
"193",4,43.8953790724573,"8"
"193",5,39.997708060426,"8"
"193",6,36.9486291238072,"8"
"193",7,34.2646285232508,"8"
"193",8,32.1166448379934,"8"
"193",9,30.3665561661607,"8"
"193",10,28.8110690884991,"8"
"201",1,66.1610931818764,"2"
"201",2,36.3724051520238,"2"
"201",3,33.0018082710478,"2"
"201",4,31.2617275388213,"2"
"201",5,29.5336289304629,"2"
"201",6,28.1700735502521,"2"
"201",7,26.9406756923983,"2"
"201",8,25.7077493448649,"2"
"201",9,24.5231401987558,"2"
"201",10,23.474725630072,"2"
"202",1,65.8935702850178,"5"
"202",2,53.2947979036702,"5"
"202",3,45.6239839060312,"5"
"202",4,39.0796583401178,"5"
"202",5,34.1864285509929,"5"
"202",6,32.4011321338049,"5"
"202",7,30.7911584984519,"5"
"202",8,29.2422503263093,"5"
"202",9,27.9013985560854,"5"
"202",10,26.5856117128744,"5"
"203",1,58.9986428811251,"8"
"203",2,51.3158378461776,"8"
"203",3,45.643561898073,"8"
"203",4,41.2044403867301,"8"
"203",5,38.0646455353627,"8"
"203",6,35.3997506099518,"8"
"203",7,32.9378953013405,"8"
"203",8,30.6786752411016,"8"
"203",9,29.1655086959429,"8"
"203",10,27.7802291769538,"8"
"211",1,49.6850381013232,"2"
"211",2,38.8328852743624,"2"
"211",3,35.9024758303774,"2"
"211",4,33.5919812333369,"2"
"211",5,31.8900954662682,"2"
"211",6,30.3667035909631,"2"
"211",7,28.8694083412009,"2"
"211",8,27.5621041046132,"2"
"211",9,26.2992492475003,"2"
"211",10,25.177011097903,"2"
"212",1,59.8043366497218,"5"
"212",2,50.1706398120291,"5"
"212",3,44.7034245235473,"5"
"212",4,40.0021012912586,"5"
"212",5,35.9624320901524,"5"
"212",6,33.8165433810166,"5"
"212",7,31.7400663397301,"5"
"212",8,29.984961607821,"5"
"212",9,28.3477873099743,"5"
"212",10,26.8952012812428,"5"
"213",1,65.1596188418736,"8"
"213",2,55.3764264462339,"8"
"213",3,48.8116387072541,"8"
"213",4,44.2982830698487,"8"
"213",5,40.7265446264831,"8"
"213",6,37.3758055336772,"8"
"213",7,35.1205634972625,"8"
"213",8,32.9877190920679,"8"
"213",9,30.9793859639189,"8"
"213",10,29.2902326906734,"8"
"221",1,57.1212938848071,"2"
"221",2,41.2042043293838,"2"
"221",3,38.3275300912656,"2"
"221",4,35.8723181348365,"2"
"221",5,33.5990187975707,"2"
"221",6,31.8902406622761,"2"
"221",7,30.3386764698268,"2"
"221",8,28.9325105348345,"2"
"221",9,27.743642059419,"2"
"221",10,26.5887106352615,"2"
"222",1,60.6921537839181,"5"
"222",2,49.3247227642515,"5"
"222",3,42.8261865680892,"5"
"222",4,37.8071289713088,"5"
"222",5,34.3616490385929,"5"
"222",6,32.516445130532,"5"
"222",7,30.7487318662449,"5"
"222",8,29.1835892514309,"5"
"222",9,27.8385376903544,"5"
"222",10,26.5830747096624,"5"
"223",1,58.6624675805615,"8"
"223",2,51.3365793860753,"8"
"223",3,45.0884846391511,"8"
"223",4,41.5678684573942,"8"
"223",5,38.5167138062128,"8"
"223",6,36.0994959743473,"8"
"223",7,33.7952148204729,"8"
"223",8,31.7923247538085,"8"
"223",9,30.100947962506,"8"
"223",10,28.5247299306006,"8"
"231",1,60.8240296471396,"2"
"231",2,37.8201764471584,"2"
"231",3,34.6334969677119,"2"
"231",4,31.8096893470238,"2"
"231",5,29.9859019523251,"2"
"231",6,28.4507325373038,"2"
"231",7,27.0116045333487,"2"
"231",8,25.7045860104817,"2"
"231",9,24.6006473673637,"2"
"231",10,23.5691939768476,"2"
"232",1,57.5049482850821,"5"
"232",2,48.9242363978868,"5"
"232",3,43.1987715841026,"5"
"232",4,39.5319240229101,"5"
"232",5,36.8899064982026,"5"
"232",6,34.4506747751449,"5"
"232",7,32.4588985961417,"5"
"232",8,30.4971794933175,"5"
"232",9,29.0617751984201,"5"
"232",10,27.6682210528604,"5"
"233",1,56.1791183043837,"8"
"233",2,47.532945226767,"8"
"233",3,43.0783568141676,"8"
"233",4,39.4457368005324,"8"
"233",5,36.5144787662281,"8"
"233",6,33.8198091134167,"8"
"233",7,31.6841171106023,"8"
"233",8,29.6107510317262,"8"
"233",9,27.865148217024,"8"
"233",10,26.4634100235692,"8"
"241",1,58.6389513711562,"2"
"241",2,34.016226642006,"2"
"241",3,31.8931567084863,"2"
"241",4,30.2437559555367,"2"
"241",5,28.7546479643973,"2"
"241",6,27.38673775155,"2"
"241",7,26.1674564154558,"2"
"241",8,25.021128129794,"2"
"241",9,23.9041636412779,"2"
"241",10,22.8958854655052,"2"
"242",1,59.7601150789287,"5"
"242",2,50.5470524469548,"5"
"242",3,43.24939811171,"5"
"242",4,37.3665255871955,"5"
"242",5,33.3484657845081,"5"
"242",6,31.5329128339168,"5"
"242",7,29.8573376959546,"5"
"242",8,28.3926262372807,"5"
"242",9,27.1082660420737,"5"
"242",10,25.8568477559425,"5"
"243",1,63.7020044153955,"8"
"243",2,53.643232038686,"8"
"243",3,47.9920662891491,"8"
"243",4,44.3135420915536,"8"
"243",5,40.8108422988917,"8"
"243",6,37.9424610686512,"8"
"243",7,35.4285763292895,"8"
"243",8,33.0043195376484,"8"
"243",9,31.2738670510705,"8"
"243",10,29.6355013765908,"8"
"251",1,64.686242886431,"2"
"251",2,36.5238453642899,"2"
"251",3,34.4508220811441,"2"
"251",4,32.4186777702011,"2"
"251",5,30.7937037743172,"2"
"251",6,29.3708586374015,"2"
"251",7,27.9915499279521,"2"
"251",8,26.725083803037,"2"
"251",9,25.579411335968,"2"
"251",10,24.4748792224239,"2"
"252",1,61.106220691952,"5"
"252",2,51.4888523932632,"5"
"252",3,45.1300909784382,"5"
"252",4,39.1888734188011,"5"
"252",5,36.0458523946542,"5"
"252",6,34.3046254481808,"5"
"252",7,32.6466554101723,"5"
"252",8,31.1148197791072,"5"
"252",9,29.6340530889328,"5"
"252",10,28.181703950528,"5"
"253",1,53.7622934233672,"8"
"253",2,47.9445222470507,"8"
"253",3,44.4319792119198,"8"
"253",4,41.0840768989349,"8"
"253",5,38.1274175452764,"8"
"253",6,35.7974375966521,"8"
"253",7,33.8680260993107,"8"
"253",8,32.0127778384852,"8"
"253",9,30.2496334932825,"8"
"253",10,28.7674841263069,"8"
"261",1,68.3398052902574,"2"
"261",2,40.5939231835771,"2"
"261",3,37.893278855735,"2"
"261",4,35.2202579087796,"2"
"261",5,33.1725036875698,"2"
"261",6,31.4829709029331,"2"
"261",7,29.8064252741459,"2"
"261",8,28.5473399779669,"2"
"261",9,27.3160706858863,"2"
"261",10,26.1118771071585,"2"
"262",1,64.2591387003332,"5"
"262",2,54.3635462267325,"5"
"262",3,46.470619684293,"5"
"262",4,41.0056284391614,"5"
"262",5,37.5280720117324,"5"
"262",6,35.4131526558286,"5"
"262",7,33.3806182486458,"5"
"262",8,31.5338671441486,"5"
"262",9,29.756059695951,"5"
"262",10,28.3635339227606,"5"
"263",1,57.558740113125,"8"
"263",2,50.0810481518694,"8"
"263",3,46.0837674416634,"8"
"263",4,42.794373458195,"8"
"263",5,39.5447013385129,"8"
"263",6,36.6684639492229,"8"
"263",7,34.1141307672282,"8"
"263",8,32.0259598084668,"8"
"263",9,30.1092839154095,"8"
"263",10,28.4544607629222,"8"
"271",1,71.8539247070257,"2"
"271",2,39.7950077989548,"2"
"271",3,36.9008789694723,"2"
"271",4,34.648930216103,"2"
"271",5,32.7171402383878,"2"
"271",6,31.0320255601114,"2"
"271",7,29.3853369065694,"2"
"271",8,27.8440702494827,"2"
"271",9,26.4191637091089,"2"
"271",10,25.1668076766604,"2"
"272",1,60.4233109016904,"5"
"272",2,48.2353116684911,"5"
"272",3,41.0329765548408,"5"
"272",4,36.4584332642415,"5"
"272",5,32.0760855769712,"5"
"272",6,30.2063891939523,"5"
"272",7,28.7113901864177,"5"
"272",8,27.399465237415,"5"
"272",9,26.0940398536002,"5"
"272",10,24.9217006683178,"5"
"273",1,57.4347150536166,"8"
"273",2,51.292208939091,"8"
"273",3,46.7235822538231,"8"
"273",4,42.7642413450188,"8"
"273",5,39.1912676010676,"8"
"273",6,36.3936924551383,"8"
"273",7,33.8056787170799,"8"
"273",8,31.7605590045627,"8"
"273",9,30.0126547200447,"8"
"273",10,28.5750600612069,"8"
"281",1,54.0086881149839,"2"
"281",2,39.3405815246967,"2"
"281",3,36.6913326162352,"2"
"281",4,34.542655569861,"2"
"281",5,32.5099749325605,"2"
"281",6,30.8535250822078,"2"
"281",7,29.4706745348063,"2"
"281",8,28.134740372286,"2"
"281",9,26.8217875869007,"2"
"281",10,25.6081648451605,"2"
"282",1,60.7375732933906,"5"
"282",2,51.0237964944671,"5"
"282",3,44.2440217339539,"5"
"282",4,39.3614971800305,"5"
"282",5,35.3620753921867,"5"
"282",6,33.0731563969143,"5"
"282",7,30.9435768155605,"5"
"282",8,29.0394197513542,"5"
"282",9,27.5891728362813,"5"
"282",10,26.1621244162279,"5"
"283",1,60.9028408416208,"8"
"283",2,54.157690404648,"8"
"283",3,49.1603300409358,"8"
"283",4,45.0741881556458,"8"
"283",5,41.5906583871586,"8"
"283",6,39.06265511042,"8"
"283",7,36.8303713162957,"8"
"283",8,34.6289563629657,"8"
"283",9,32.7408995647976,"8"
"283",10,30.831725565441,"8"
"291",1,54.3316437218063,"2"
"291",2,35.8757747420504,"2"
"291",3,33.8847955227898,"2"
"291",4,32.2780277274597,"2"
"291",5,30.802932980035,"2"
"291",6,29.3576121807698,"2"
"291",7,28.1103718725041,"2"
"291",8,26.8726120507462,"2"
"291",9,25.8151407278717,"2"
"291",10,24.7927407008299,"2"
"292",1,63.4419126256609,"5"
"292",2,53.0984326144933,"5"
"292",3,42.8128935200304,"5"
"292",4,37.9854146258536,"5"
"292",5,34.2796162871109,"5"
"292",6,32.1542739634494,"5"
"292",7,30.4941745554856,"5"
"292",8,28.9089103339556,"5"
"292",9,27.4521346516316,"5"
"292",10,26.0787881769257,"5"
"293",1,63.9978778191028,"8"
"293",2,55.7657426777341,"8"
"293",3,49.2152105626341,"8"
"293",4,44.4898002893829,"8"
"293",5,40.4669162851809,"8"
"293",6,37.8851463874361,"8"
"293",7,35.3274230992888,"8"
"293",8,33.1823896953863,"8"
"293",9,31.6207608985748,"8"
"293",10,30.0679636336587,"8"
"301",1,59.7180894941062,"2"
"301",2,37.701429572626,"2"
"301",3,34.5726320294051,"2"
"301",4,31.9822820072618,"2"
"301",5,30.3341225002485,"2"
"301",6,28.9264183207837,"2"
"301",7,27.617965965856,"2"
"301",8,26.4120803910987,"2"
"301",9,25.2447222143153,"2"
"301",10,24.1235207312408,"2"
"302",1,66.4097412051332,"5"
"302",2,54.5717714299835,"5"
"302",3,44.5501870761613,"5"
"302",4,38.5752874024636,"5"
"302",5,34.657243355747,"5"
"302",6,32.7853650836034,"5"
"302",7,31.0592334763797,"5"
"302",8,29.459154008416,"5"
"302",9,28.0373221398653,"5"
"302",10,26.7292839013795,"5"
"303",1,54.7958234960534,"8"
"303",2,48.6809843448544,"8"
"303",3,44.0097306908189,"8"
"303",4,41.1329577283521,"8"
"303",5,38.4443256987886,"8"
"303",6,36.1138286207669,"8"
"303",7,33.8971646901773,"8"
"303",8,31.6031425665858,"8"
"303",9,30.112409319454,"8"
"303",10,28.665385803699,"8"
